,Screen_name,URL,Screen_number,Seats,Size,Sound
0,TOHO CINEMAS OIRASE SHIMODA,https://www.tohotheater.jp/theater/049/institution.html,SCREEN 1,360+(2),5.2×12.6m,デジタル5.1ch
1,TOHO CINEMAS OIRASE SHIMODA,https://www.tohotheater.jp/theater/049/institution.html,SCREEN 2,251+(2),5.2×12.5m,デジタル5.1ch
2,TOHO CINEMAS OIRASE SHIMODA,https://www.tohotheater.jp/theater/049/institution.html,SCREEN 3,147+(2),3.7×8.8m,デジタル5.1ch
3,TOHO CINEMAS OIRASE SHIMODA,https://www.tohotheater.jp/theater/049/institution.html,SCREEN 4,188+(2),3.7×8.8m,デジタル5.1ch
4,TOHO CINEMAS OIRASE SHIMODA,https://www.tohotheater.jp/theater/049/institution.html,SCREEN 5,163+(2),3.7×8.8m,デジタル5.1ch
5,TOHO CINEMAS OIRASE SHIMODA,https://www.tohotheater.jp/theater/049/institution.html,SCREEN 6,172+(2),3.7×8.8m,デジタル5.1ch
6,TOHO CINEMAS OIRASE SHIMODA,https://www.tohotheater.jp/theater/049/institution.html,SCREEN 7,151+(2),3.7×8.8m,デジタル5.1ch
7,TOHO CINEMAS AKITA,https://www.tohotheater.jp/theater/050/institution.html,SCREEN 1,347+(4),5.2×12.3m,デジタル5.1ch
8,TOHO CINEMAS AKITA,https://www.tohotheater.jp/theater/050/institution.html,SCREEN 2,424+(4),5.5×13.3m,デジタル5.1ch
9,TOHO CINEMAS AKITA,https://www.tohotheater.jp/theater/050/institution.html,SCREEN 3,117+(2),4.0×7.5m,デジタル5.1ch
10,TOHO CINEMAS AKITA,https://www.tohotheater.jp/theater/050/institution.html,SCREEN 4,143+(2),4.4×8.2m,デジタル5.1ch
11,TOHO CINEMAS AKITA,https://www.tohotheater.jp/theater/050/institution.html,SCREEN 5,185+(2),4.7×8.7m,デジタル5.1ch
12,TOHO CINEMAS AKITA,https://www.tohotheater.jp/theater/050/institution.html,SCREEN 6,143+(2),4.4×8.2m,デジタル5.1ch
13,TOHO CINEMAS AKITA,https://www.tohotheater.jp/theater/050/institution.html,SCREEN 7,185+(2),4.7×8.7m,デジタル5.1ch
14,TOHO CINEMAS AKITA,https://www.tohotheater.jp/theater/050/institution.html,SCREEN 8,117+(2),3.9×7.3m,デジタル5.1ch
15,TOHO CINEMAS SENDAI,https://www.tohotheater.jp/theater/078/institution.html,SCREEN 1,103+(2),3.6×8.6m,デジタル5.1ch
16,TOHO CINEMAS SENDAI,https://www.tohotheater.jp/theater/078/institution.html,SCREEN 2,91+(2),3.4×8.0m,デジタル5.1ch
17,TOHO CINEMAS SENDAI,https://www.tohotheater.jp/theater/078/institution.html,SCREEN 3,106+(2),3.4×8.0m,デジタル5.1ch
18,TOHO CINEMAS SENDAI,https://www.tohotheater.jp/theater/078/institution.html,SCREEN 4,134+(2),3.8×9.0m,デジタル5.1ch
19,TOHO CINEMAS SENDAI,https://www.tohotheater.jp/theater/078/institution.html,SCREEN 5,216+(2),5.5×13.1m,デジタル5.1ch
20,TOHO CINEMAS SENDAI,https://www.tohotheater.jp/theater/078/institution.html,SCREEN 6,364+(2),IMAX®デジタルシアター,
21,TOHO CINEMAS SENDAI,https://www.tohotheater.jp/theater/078/institution.html,SCREEN 7,197+(2),5.4×12.9m,デジタル5.1ch
22,TOHO CINEMAS SENDAI,https://www.tohotheater.jp/theater/078/institution.html,SCREEN 8,154+(2),4.1×9.9m,デジタル5.1ch
23,TOHO CINEMAS SENDAI,https://www.tohotheater.jp/theater/078/institution.html,SCREEN 9,296+(2),6.3×15.0m　TCX®,DOLBY ATMOS(対応作品のみ)
24,TOHO CINEMAS HIBIYA,https://www.tohotheater.jp/theater/081/institution05.html,SCREEN 1,456+(3),19.8×8.3m　TCX®,カスタムオーダーメイドスピーカー
25,TOHO CINEMAS HIBIYA,https://www.tohotheater.jp/theater/081/institution05.html,SCREEN 2,98+(2),8.2×3.4m,デジタル5.1ch
26,TOHO CINEMAS HIBIYA,https://www.tohotheater.jp/theater/081/institution05.html,SCREEN 3,98+(2),8.1×3.4m,デジタル5.1ch
27,TOHO CINEMAS HIBIYA,https://www.tohotheater.jp/theater/081/institution05.html,SCREEN 4,339+(2),IMAX®デジタルシアター,イマーシブ・サウンド
28,TOHO CINEMAS HIBIYA,https://www.tohotheater.jp/theater/081/institution05.html,SCREEN 5,395+(2),16.5×6.9m　TCX®,DOLBY ATMOS(対応作品のみ)　VIVEオーディオ
29,TOHO CINEMAS HIBIYA,https://www.tohotheater.jp/theater/081/institution05.html,SCREEN 6,98+(2),6.3×2.6m,スカルプトサウンド
30,TOHO CINEMAS HIBIYA,https://www.tohotheater.jp/theater/081/institution05.html,SCREEN 7,151+(2),11.8×4.9m,VIVEオーディオ
31,TOHO CINEMAS HIBIYA,https://www.tohotheater.jp/theater/081/institution05.html,SCREEN 8,120+(2),8.8×3.7m,VIVEオーディオ
32,TOHO CINEMAS HIBIYA,https://www.tohotheater.jp/theater/081/institution05.html,SCREEN 9,257+(2),12.9×5.4m,スカルプトサウンド
33,TOHO CINEMAS HIBIYA,https://www.tohotheater.jp/theater/081/institution05.html,SCREEN 10,98+(2),8.5×3.6m,デジタル5.1ch
34,TOHO CINEMAS HIBIYA,https://www.tohotheater.jp/theater/081/institution05.html,SCREEN 11,98+(2),9.1×3.8m,デジタル5.1ch
35,TOHO CINEMAS HIBIYA,https://www.tohotheater.jp/theater/081/institution05.html,SCREEN 12,489+(2),15.0×6.2m,VIVEオーディオ
36,TOHO CINEMAS HIBIYA,https://www.tohotheater.jp/theater/081/institution05.html,SCREEN 13,106+(2),7.1×4.1m,デジタル5.1ch
37,TOHO CINEMAS CHANTER,https://www.tohotheater.jp/theater/081/institution04.html,SCREEN 1,224+(1),3.5×8.2m,デジタル5.1ch
38,TOHO CINEMAS CHANTER,https://www.tohotheater.jp/theater/081/institution04.html,SCREEN 2,201+(1),3.3×7.9m,デジタル5.1ch
39,TOHO CINEMAS CHANTER,https://www.tohotheater.jp/theater/081/institution04.html,SCREEN 3,190+(1),3.0×7.3m,デジタル5.1ch
40,TOHO CINEMAS SHINJUKU,https://www.tohotheater.jp/theater/076/institution.html,SCREEN 1,86+(2),3.2×7.6m,デジタル5.1ch
41,TOHO CINEMAS SHINJUKU,https://www.tohotheater.jp/theater/076/institution.html,SCREEN 2,108+(2),5.3×12.6m　MX4D®,デジタル5.1ch
42,TOHO CINEMAS SHINJUKU,https://www.tohotheater.jp/theater/076/institution.html,SCREEN 3,128+(2),4.5×10.8m,デジタル5.1ch
43,TOHO CINEMAS SHINJUKU,https://www.tohotheater.jp/theater/076/institution.html,SCREEN 4,200+(2),5.2×12.6m,デジタル5.1ch
44,TOHO CINEMAS SHINJUKU,https://www.tohotheater.jp/theater/076/institution.html,SCREEN 5,184+(2),4.0×9.6m,デジタル5.1ch
45,TOHO CINEMAS SHINJUKU,https://www.tohotheater.jp/theater/076/institution.html,SCREEN 6,117+(2),4.6×11.0m,デジタル5.1ch
46,TOHO CINEMAS SHINJUKU,https://www.tohotheater.jp/theater/076/institution.html,SCREEN 7,407+(2),7.3×17.7m,デジタル5.1ch
47,TOHO CINEMAS SHINJUKU,https://www.tohotheater.jp/theater/076/institution.html,SCREEN 8,88+(2),3.2×7.6m,デジタル5.1ch
48,TOHO CINEMAS SHINJUKU,https://www.tohotheater.jp/theater/076/institution.html,SCREEN 9,499+(2),8.0×19.2m　TCX®,DOLBY ATMOS(対応作品のみ)
49,TOHO CINEMAS SHINJUKU,https://www.tohotheater.jp/theater/076/institution.html,SCREEN 10,311+(2),IMAX®レーザー,
50,TOHO CINEMAS SHINJUKU,https://www.tohotheater.jp/theater/076/institution.html,SCREEN 11,122+(2),3.9×9.5m,デジタル5.1ch
51,TOHO CINEMAS SHINJUKU,https://www.tohotheater.jp/theater/076/institution.html,SCREEN 12,73+(2),2.8×6.6m,デジタル5.1ch
52,TOHO CINEMAS IKEBUKURO,https://www.tohotheater.jp/theater/084/institution.html,SCREEN 1,76+(2),8.3×3.5m,デジタル5.1ch／7.1ch
53,TOHO CINEMAS IKEBUKURO,https://www.tohotheater.jp/theater/084/institution.html,SCREEN 2,141+(2),9.9×4.1m,轟音シアター
54,TOHO CINEMAS IKEBUKURO,https://www.tohotheater.jp/theater/084/institution.html,SCREEN 3,198+(2),11.6×4.9m,デジタル5.1ch／7.1ch
55,TOHO CINEMAS IKEBUKURO,https://www.tohotheater.jp/theater/084/institution.html,SCREEN 4,119+(2),9.9×4.1m,デジタル5.1ch／7.1ch
56,TOHO CINEMAS IKEBUKURO,https://www.tohotheater.jp/theater/084/institution.html,SCREEN 5,119+(2),9.9×4.1m,デジタル5.1ch／7.1ch
57,TOHO CINEMAS IKEBUKURO,https://www.tohotheater.jp/theater/084/institution.html,SCREEN 6,313+(2),14.4×6.0m TCX®,カスタムオーダーメイドスピーカー
58,TOHO CINEMAS IKEBUKURO,https://www.tohotheater.jp/theater/084/institution.html,SCREEN 7,198+(2),11.6×4.9m,デジタル5.1ch／7.1ch
59,TOHO CINEMAS IKEBUKURO,https://www.tohotheater.jp/theater/084/institution.html,SCREEN 8,119+(2),9.9×4.1m,デジタル5.1ch／7.1ch
60,TOHO CINEMAS IKEBUKURO,https://www.tohotheater.jp/theater/084/institution.html,SCREEN 9,119+(2),9.9×4.1m,デジタル5.1ch／7.1ch 
61,TOHO CINEMAS IKEBUKURO,https://www.tohotheater.jp/theater/084/institution.html,SCREEN 10,313+(2),14.4×6.0m TCX®,DOLBY ATMOS(対応作品のみ)　カスタムオーダーメイドスピーカー
62,TOHO CINEMAS NIHONBASHI,https://www.tohotheater.jp/theater/073/institution.html,SCREEN 1,128+(2),10.1×4.2m,デジタル5.1ch
63,TOHO CINEMAS NIHONBASHI,https://www.tohotheater.jp/theater/073/institution.html,SCREEN 2,110+(2),9.1×3.8m,デジタル5.1ch
64,TOHO CINEMAS NIHONBASHI,https://www.tohotheater.jp/theater/073/institution.html,SCREEN 3,119+(2),9.6×4.0m,デジタル5.1ch
65,TOHO CINEMAS NIHONBASHI,https://www.tohotheater.jp/theater/073/institution.html,SCREEN 4,119+(2),9.6×4.0m,デジタル5.1ch
66,TOHO CINEMAS NIHONBASHI,https://www.tohotheater.jp/theater/073/institution.html,SCREEN 5,226+(2),13.9×5.8m,デジタル5.1ch
67,TOHO CINEMAS NIHONBASHI,https://www.tohotheater.jp/theater/073/institution.html,SCREEN 6,213+(2),13.6×5.7m,デジタル5.1ch
68,TOHO CINEMAS NIHONBASHI,https://www.tohotheater.jp/theater/073/institution.html,SCREEN 7,404+(2),18.7×7.9m　TCX®,デジタル5.1ch
69,TOHO CINEMAS NIHONBASHI,https://www.tohotheater.jp/theater/073/institution.html,SCREEN 8,290+(2),16.0×6.7m　TCX®,DOLBY ATMOS（対応作品のみ）
70,TOHO CINEMAS NIHONBASHI,https://www.tohotheater.jp/theater/073/institution.html,SCREEN 9,143+(2),10.1×4.2m,デジタル5.1ch
71,TOHO CINEMAS UENO,https://www.tohotheater.jp/theater/080/institution.html,SCREEN 1,97+(2),7.7×3.2m,デジタル5.1ch
72,TOHO CINEMAS UENO,https://www.tohotheater.jp/theater/080/institution.html,SCREEN 2,250+(2),12.0×5.0m,デジタル5.1ch
73,TOHO CINEMAS UENO,https://www.tohotheater.jp/theater/080/institution.html,SCREEN 3,333+(2),14.4×6.0m,デジタル5.1ch
74,TOHO CINEMAS UENO,https://www.tohotheater.jp/theater/080/institution.html,SCREEN 4,95+(2),8.0×3.3m,デジタル5.1ch
75,TOHO CINEMAS UENO,https://www.tohotheater.jp/theater/080/institution.html,SCREEN 5,112+(2),9.7×4.0m,デジタル5.1ch
76,TOHO CINEMAS UENO,https://www.tohotheater.jp/theater/080/institution.html,SCREEN 6,103+(2),10.0×4.2m,デジタル5.1ch
77,TOHO CINEMAS UENO,https://www.tohotheater.jp/theater/080/institution.html,SCREEN 7,235+(2),13.9×5.8m,デジタル5.1ch
78,TOHO CINEMAS UENO,https://www.tohotheater.jp/theater/080/institution.html,SCREEN 8,199+(2),12.0×5.0m,デジタル5.1ch
79,TOHO CINEMAS ROPPONGI HILLS,https://www.tohotheater.jp/theater/009/institution.html,SCREEN 1,157+(2),3.7×9.1m,デジタル5.1ch
80,TOHO CINEMAS ROPPONGI HILLS,https://www.tohotheater.jp/theater/009/institution.html,SCREEN 2,342+(2),5.5×13.1m,デジタル5.1ch
81,TOHO CINEMAS ROPPONGI HILLS,https://www.tohotheater.jp/theater/009/institution.html,SCREEN 3,131+(2),4.0×9.7m,デジタル5.1ch
82,TOHO CINEMAS ROPPONGI HILLS,https://www.tohotheater.jp/theater/009/institution.html,SCREEN 4,97+(2),3.0×7.3m,デジタル5.1ch
83,TOHO CINEMAS ROPPONGI HILLS,https://www.tohotheater.jp/theater/009/institution.html,SCREEN 5,104+(2),3.0×7.3m,デジタル5.1ch
84,TOHO CINEMAS ROPPONGI HILLS,https://www.tohotheater.jp/theater/009/institution.html,SCREEN 6,120+(2),2.8×6.8m,デジタル5.1ch
85,TOHO CINEMAS ROPPONGI HILLS,https://www.tohotheater.jp/theater/009/institution.html,SCREEN 7,521+(2),8.4×20.2m　TCX®,DOLBY ATMOS(対応作品のみ)
86,TOHO CINEMAS ROPPONGI HILLS,https://www.tohotheater.jp/theater/009/institution.html,SCREEN 8,100+(2),4.4×10.4m　MX4D®,デジタル5.1ch
87,TOHO CINEMAS ROPPONGI HILLS,https://www.tohotheater.jp/theater/009/institution.html,SCREEN 9,247+(2),5.3×12.7m,デジタル5.1ch
88,TOHO CINEMAS SHIBUYA,https://www.tohotheater.jp/theater/043/institution.html,SCREEN 1,154+(2),10×4.2m,デジタル5.1ch
89,TOHO CINEMAS SHIBUYA,https://www.tohotheater.jp/theater/043/institution.html,SCREEN 2,197+(2),12×5.0m,デジタル5.1ch
90,TOHO CINEMAS SHIBUYA,https://www.tohotheater.jp/theater/043/institution.html,SCREEN 3,297+(2),15×6.3m,デジタル5.1ch
91,TOHO CINEMAS SHIBUYA,https://www.tohotheater.jp/theater/043/institution.html,SCREEN 4,115+(2),8.4×3.5m,デジタル5.1ch
92,TOHO CINEMAS SHIBUYA,https://www.tohotheater.jp/theater/043/institution.html,SCREEN 5,234+(2),9.5×4.0m,デジタル5.1ch
93,TOHO CINEMAS SHIBUYA,https://www.tohotheater.jp/theater/043/institution.html,SCREEN 6,215+(2),8.0×3.4m,デジタル5.1ch
94,TOHO CINEMAS NISHIARAI,https://www.tohotheater.jp/theater/040/institution.html,SCREEN 1,106+(2),3.5×8.3m,デジタル5.1ch
95,TOHO CINEMAS NISHIARAI,https://www.tohotheater.jp/theater/040/institution.html,SCREEN 2,111+(2),3.4×8.2m,デジタル5.1ch
96,TOHO CINEMAS NISHIARAI,https://www.tohotheater.jp/theater/040/institution.html,SCREEN 3,111+(2),3.4×8.2m,デジタル5.1ch
97,TOHO CINEMAS NISHIARAI,https://www.tohotheater.jp/theater/040/institution.html,SCREEN 4,135+(2),3.5×8.5m,デジタル5.1ch
98,TOHO CINEMAS NISHIARAI,https://www.tohotheater.jp/theater/040/institution.html,SCREEN 5,410+(2),7.0×16.9m,デジタル5.1ch
99,TOHO CINEMAS NISHIARAI,https://www.tohotheater.jp/theater/040/institution.html,SCREEN 6,146+(2),3.7×9.0m,デジタル5.1ch
100,TOHO CINEMAS NISHIARAI,https://www.tohotheater.jp/theater/040/institution.html,SCREEN 7,148+(2),3.7×8.9m,デジタル5.1ch
101,TOHO CINEMAS NISHIARAI,https://www.tohotheater.jp/theater/040/institution.html,SCREEN 8,80+(2),4.1×9.9m　MX4D®,デジタル5.1ch
102,TOHO CINEMAS NISHIARAI,https://www.tohotheater.jp/theater/040/institution.html,SCREEN 9,183+(2),4.1×9.9m,デジタル5.1ch
103,TOHO CINEMAS NISHIARAI,https://www.tohotheater.jp/theater/040/institution.html,SCREEN 10,345+(2),4.8×11.6m,デジタル5.1ch
104,TOHO CINEMAS MINAMIOSAWA,https://www.tohotheater.jp/theater/006/institution.html,PREMIER,57+(2),3.7×8.7m,デジタル5.1ch
105,TOHO CINEMAS MINAMIOSAWA,https://www.tohotheater.jp/theater/006/institution.html,SCREEN 1,372+(3),5.8×13.6m,デジタル5.1ch
106,TOHO CINEMAS MINAMIOSAWA,https://www.tohotheater.jp/theater/006/institution.html,SCREEN 2,126+(2),3.4×8.0m,デジタル5.1ch
107,TOHO CINEMAS MINAMIOSAWA,https://www.tohotheater.jp/theater/006/institution.html,SCREEN 3,159+(2),3.9×9.3m,デジタル5.1ch
108,TOHO CINEMAS MINAMIOSAWA,https://www.tohotheater.jp/theater/006/institution.html,SCREEN 4,157+(2),4.1×9.8m,デジタル5.1ch
109,TOHO CINEMAS MINAMIOSAWA,https://www.tohotheater.jp/theater/006/institution.html,SCREEN 5,481+(2),5.8×13.6m,デジタル5.1ch
110,TOHO CINEMAS MINAMIOSAWA,https://www.tohotheater.jp/theater/006/institution.html,SCREEN 6,214+(3),5.6×13.2m,デジタル5.1ch
111,TOHO CINEMAS MINAMIOSAWA,https://www.tohotheater.jp/theater/006/institution.html,SCREEN 7,202+(3),5.6×13.2m,デジタル5.1ch
112,TOHO CINEMAS MINAMIOSAWA,https://www.tohotheater.jp/theater/006/institution.html,SCREEN 8,159+(2),4.7×11.0m,デジタル5.1ch
113,TOHO CINEMAS FUCHU,https://www.tohotheater.jp/theater/012/institution.html,SCREEN 1,220+(1),5.1×12.1m,デジタル5.1ch
114,TOHO CINEMAS FUCHU,https://www.tohotheater.jp/theater/012/institution.html,SCREEN 2,499+(2),6.1×14.8m,デジタル5.1ch
115,TOHO CINEMAS FUCHU,https://www.tohotheater.jp/theater/012/institution.html,SCREEN 3,230+(2),5.1×12.3m,デジタル5.1ch
116,TOHO CINEMAS FUCHU,https://www.tohotheater.jp/theater/012/institution.html,SCREEN 4,154+(2),4.5×11.0m,デジタル5.1ch
117,TOHO CINEMAS FUCHU,https://www.tohotheater.jp/theater/012/institution.html,SCREEN 5,231+(2),4.0×9.6m,デジタル5.1ch
118,TOHO CINEMAS FUCHU,https://www.tohotheater.jp/theater/012/institution.html,SCREEN 6,80+(2),4.2×10.2m　MX4D®,デジタル5.1ch
119,TOHO CINEMAS FUCHU,https://www.tohotheater.jp/theater/012/institution.html,SCREEN 7,233+(2),4.0×9.6m,デジタル5.1ch
120,TOHO CINEMAS FUCHU,https://www.tohotheater.jp/theater/012/institution.html,SCREEN 8,234+(2),4.9×11.7m,デジタル5.1ch
121,TOHO CINEMAS FUCHU,https://www.tohotheater.jp/theater/012/institution.html,SCREEN 9,109+(1),3.6×8.5m,デジタル5.1ch
122,TOHO CINEMAS TACHIKAWA TACHIHI,https://www.tohotheater.jp/theater/085/institution.html,SCREEN 1,288+(2),IMAX®デジタルシアター,イマーシブ・サウンド・システム
123,TOHO CINEMAS TACHIKAWA TACHIHI,https://www.tohotheater.jp/theater/085/institution.html,SCREEN 2,98+(2),8.6×3.6m,デジタル5.1ch／7.1ch
124,TOHO CINEMAS TACHIKAWA TACHIHI,https://www.tohotheater.jp/theater/085/institution.html,SCREEN 3,217+(2),15.1×6.3m,デジタル5.1ch／7.1ch
125,TOHO CINEMAS TACHIKAWA TACHIHI,https://www.tohotheater.jp/theater/085/institution.html,SCREEN 4,97+(2),8.6×3.6m,デジタル5.1ch／7.1ch
126,TOHO CINEMAS TACHIKAWA TACHIHI,https://www.tohotheater.jp/theater/085/institution.html,SCREEN 5,152+(2),11.1×4.7m,轟音シアター
127,TOHO CINEMAS TACHIKAWA TACHIHI,https://www.tohotheater.jp/theater/085/institution.html,SCREEN 6,97+(2),8.6×3.6m,デジタル5.1ch／7.1ch
128,TOHO CINEMAS TACHIKAWA TACHIHI,https://www.tohotheater.jp/theater/085/institution.html,SCREEN 7,323+(2),17.1×7.2ｍ TCX®,カスタムオーダーメイドスピーカー
129,TOHO CINEMAS TACHIKAWA TACHIHI,https://www.tohotheater.jp/theater/085/institution.html,SCREEN 8,98+(2),8.6×3.6m,デジタル5.1ch／7.1ch
130,TOHO CINEMAS KINSHICHO,https://www.tohotheater.jp/theater/029/institution04.html,SCREEN 9,349+(2),6.1×14.5m,デジタル5.1ch
131,TOHO CINEMAS KINSHICHO,https://www.tohotheater.jp/theater/029/institution04.html,SCREEN 10,145+(2),4.0×9.4m,デジタル5.1ch
132,TOHO CINEMAS KINSHICHO,https://www.tohotheater.jp/theater/029/institution04.html,SCREEN 11,212+(2),4.7×10.2m,デジタル5.1ch
133,TOHO CINEMAS KINSHICHO,https://www.tohotheater.jp/theater/029/institution04.html,SCREEN 12,145+(2),4.0×9.4m,デジタル5.1ch
134,TOHO CINEMAS KINSHICHO,https://www.tohotheater.jp/theater/029/institution05.html,SCREEN 1,172+(2),3.9×9.2m,デジタル5.1ch
135,TOHO CINEMAS KINSHICHO,https://www.tohotheater.jp/theater/029/institution05.html,SCREEN 2,450+(2),6.4×15.2m,デジタル5.1ch
136,TOHO CINEMAS KINSHICHO,https://www.tohotheater.jp/theater/029/institution05.html,SCREEN 3,159+(2),3.6×8.7m,デジタル5.1ch
137,TOHO CINEMAS KINSHICHO,https://www.tohotheater.jp/theater/029/institution05.html,SCREEN 4,223+(2),4.4×10.5m,デジタル5.1ch
138,TOHO CINEMAS KINSHICHO,https://www.tohotheater.jp/theater/029/institution05.html,SCREEN 5,114+(2),3.6×8.6m,デジタル5.1ch
139,TOHO CINEMAS KINSHICHO,https://www.tohotheater.jp/theater/029/institution05.html,SCREEN 6,114+(2),3.6×8.6m,デジタル5.1ch
140,TOHO CINEMAS KINSHICHO,https://www.tohotheater.jp/theater/029/institution05.html,SCREEN 7,112+(2),3.4×8.3m,デジタル5.1ch
141,TOHO CINEMAS KINSHICHO,https://www.tohotheater.jp/theater/029/institution05.html,SCREEN 8,113+(2),3.6×8.6m,デジタル5.1ch
142,TOHO CINEMAS LALAPORT FUNABASHI,https://www.tohotheater.jp/theater/018/institution.html,SCREEN 1,92+(2),4.2×10.0m　MX4D®,デジタル5.1ch
143,TOHO CINEMAS LALAPORT FUNABASHI,https://www.tohotheater.jp/theater/018/institution.html,SCREEN 2,104+(2),3.8×9.0m,デジタル5.1ch
144,TOHO CINEMAS LALAPORT FUNABASHI,https://www.tohotheater.jp/theater/018/institution.html,SCREEN 3,126+(2),3.8×9.0m,デジタル5.1ch
145,TOHO CINEMAS LALAPORT FUNABASHI,https://www.tohotheater.jp/theater/018/institution.html,SCREEN 4,403+(2),10.1×18.8mTCX®,DOLBY ATMOS(対応作品のみ)
146,TOHO CINEMAS LALAPORT FUNABASHI,https://www.tohotheater.jp/theater/018/institution.html,SCREEN 5,313+(2),7.5×17.7m,デジタル5.1ch
147,TOHO CINEMAS LALAPORT FUNABASHI,https://www.tohotheater.jp/theater/018/institution.html,SCREEN 6,100+(2),3.9×9.2m,デジタル5.1ch
148,TOHO CINEMAS LALAPORT FUNABASHI,https://www.tohotheater.jp/theater/018/institution.html,SCREEN 7,248+(2),6.4×15.2m,デジタル5.1ch
149,TOHO CINEMAS LALAPORT FUNABASHI,https://www.tohotheater.jp/theater/018/institution.html,SCREEN 8,99+(2),3.8×9.0m,デジタル5.1ch
150,TOHO CINEMAS LALAPORT FUNABASHI,https://www.tohotheater.jp/theater/018/institution.html,SCREEN 9,248+(2),6.4×15.2m,デジタル5.1ch
151,TOHO CINEMAS LALAPORT FUNABASHI,https://www.tohotheater.jp/theater/018/institution.html,SCREEN 10,128+(2),4.1×9.8m,デジタル5.1ch
152,TOHO CINEMAS ICHIKAWA COLTON PLAZA,https://www.tohotheater.jp/theater/003/institution.html,SCREEN 1,365+(4),6.2×14.9m,デジタル5.1ch
153,TOHO CINEMAS ICHIKAWA COLTON PLAZA,https://www.tohotheater.jp/theater/003/institution.html,SCREEN 2,178+(2),4.4×10.5m,デジタル5.1ch
154,TOHO CINEMAS ICHIKAWA COLTON PLAZA,https://www.tohotheater.jp/theater/003/institution.html,SCREEN 3,118+(2),4.2×10.0m,デジタル5.1ch
155,TOHO CINEMAS ICHIKAWA COLTON PLAZA,https://www.tohotheater.jp/theater/003/institution.html,SCREEN 4,266+(3),5.3×12.5m,デジタル5.1ch
156,TOHO CINEMAS ICHIKAWA COLTON PLAZA,https://www.tohotheater.jp/theater/003/institution.html,SCREEN 5,317+(2),5.4×12.9m,デジタル5.1ch
157,TOHO CINEMAS ICHIKAWA COLTON PLAZA,https://www.tohotheater.jp/theater/003/institution.html,SCREEN 6,222+(2),5.3×12.5m,デジタル5.1ch
158,TOHO CINEMAS ICHIKAWA COLTON PLAZA,https://www.tohotheater.jp/theater/003/institution.html,SCREEN 7,235+(2),5.3×12.5m,デジタル5.1ch
159,TOHO CINEMAS ICHIKAWA COLTON PLAZA,https://www.tohotheater.jp/theater/003/institution.html,SCREEN 8,298+(3),5.3×12.5m,デジタル5.1ch
160,TOHO CINEMAS ICHIKAWA COLTON PLAZA,https://www.tohotheater.jp/theater/003/institution.html,SCREEN 9,129+(2),4.7×11.2m,デジタル5.1ch
161,TOHO CINEMAS KASHIWA,https://www.tohotheater.jp/theater/077/institution.html,SCREEN 1,72+(2),4.9×11.6　MX4D®,デジタル5.1ch
162,TOHO CINEMAS KASHIWA,https://www.tohotheater.jp/theater/077/institution.html,SCREEN 2,144+(2),3D/4.9×11.6,デジタル5.1ch
163,TOHO CINEMAS KASHIWA,https://www.tohotheater.jp/theater/077/institution.html,SCREEN 3,82+(2),3.6×8.6m,デジタル5.1ch
164,TOHO CINEMAS KASHIWA,https://www.tohotheater.jp/theater/077/institution.html,SCREEN 4,82+(2),3.6×8.6m,デジタル5.1ch
165,TOHO CINEMAS KASHIWA,https://www.tohotheater.jp/theater/077/institution.html,SCREEN 5,101+(2),3.6×8.6m,デジタル5.1ch
166,TOHO CINEMAS KASHIWA,https://www.tohotheater.jp/theater/077/institution.html,SCREEN 6,308+(2),7.0×16.1m　TCX®,DOLBY ATMOS(対応作品のみ)
167,TOHO CINEMAS KASHIWA,https://www.tohotheater.jp/theater/077/institution.html,SCREEN 7,237+(2),7.0×16.1m,デジタル5.1ch
168,TOHO CINEMAS KASHIWA,https://www.tohotheater.jp/theater/077/institution.html,SCREEN 8,179+(2),4.9×11.6m,デジタル5.1ch
169,TOHO CINEMAS KASHIWA,https://www.tohotheater.jp/theater/077/institution.html,SCREEN 9,265+(2),4.9×11.6m,デジタル5.1ch
170,TOHO CINEMAS YACHIYO MIDORIGAOKA,https://www.tohotheater.jp/theater/028/institution.html,PREMIER,80+(1),4.1×9.7m,デジタル5.1ch
171,TOHO CINEMAS YACHIYO MIDORIGAOKA,https://www.tohotheater.jp/theater/028/institution.html,SCREEN 1,361+(2),5.7×13.6m,デジタル5.1ch
172,TOHO CINEMAS YACHIYO MIDORIGAOKA,https://www.tohotheater.jp/theater/028/institution.html,SCREEN 2,189+(2),4.0×9.6m,デジタル5.1ch
173,TOHO CINEMAS YACHIYO MIDORIGAOKA,https://www.tohotheater.jp/theater/028/institution.html,SCREEN 3,182+(2),  5.3×12.8m,デジタル5.1ch
174,TOHO CINEMAS YACHIYO MIDORIGAOKA,https://www.tohotheater.jp/theater/028/institution.html,SCREEN 4,405+(2),5.0×12.0m,デジタル5.1ch
175,TOHO CINEMAS YACHIYO MIDORIGAOKA,https://www.tohotheater.jp/theater/028/institution.html,SCREEN 5,219+(2),4.9×11.8m,デジタル5.1ch
176,TOHO CINEMAS YACHIYO MIDORIGAOKA,https://www.tohotheater.jp/theater/028/institution.html,SCREEN 6,112+(2),3.4×8.2m,デジタル5.1ch
177,TOHO CINEMAS YACHIYO MIDORIGAOKA,https://www.tohotheater.jp/theater/028/institution.html,SCREEN 7,123+(2),3.3×8.0m,デジタル5.1ch
178,TOHO CINEMAS YACHIYO MIDORIGAOKA,https://www.tohotheater.jp/theater/028/institution.html,SCREEN 8,136+(2),3.5×8.3m,デジタル5.1ch
179,TOHO CINEMAS YACHIYO MIDORIGAOKA,https://www.tohotheater.jp/theater/028/institution.html,SCREEN 9,101+(2),3.3×8.1m,デジタル5.1ch
180,TOHO CINEMAS NAGAREYAMA OTAKANOMORI,https://www.tohotheater.jp/theater/035/institution.html,PREMIER,56+(2),3.5×8.3m,デジタル5.1ch
181,TOHO CINEMAS NAGAREYAMA OTAKANOMORI,https://www.tohotheater.jp/theater/035/institution.html,SCREEN 1,127+(2),3.6×8.5m,デジタル5.1ch
182,TOHO CINEMAS NAGAREYAMA OTAKANOMORI,https://www.tohotheater.jp/theater/035/institution.html,SCREEN 2,232+(2),5.5×13.1m,デジタル5.1ch
183,TOHO CINEMAS NAGAREYAMA OTAKANOMORI,https://www.tohotheater.jp/theater/035/institution.html,SCREEN 3,103+(2),3.5×8.3m,デジタル5.1ch
184,TOHO CINEMAS NAGAREYAMA OTAKANOMORI,https://www.tohotheater.jp/theater/035/institution.html,SCREEN 4,125+(2),3.6×8.5m,デジタル5.1ch
185,TOHO CINEMAS NAGAREYAMA OTAKANOMORI,https://www.tohotheater.jp/theater/035/institution.html,SCREEN 5,125+(2),3.6×8.5m,デジタル5.1ch
186,TOHO CINEMAS NAGAREYAMA OTAKANOMORI,https://www.tohotheater.jp/theater/035/institution.html,,,,
187,TOHO CINEMAS NAGAREYAMA OTAKANOMORI,https://www.tohotheater.jp/theater/035/institution.html,SCREEN 6,283+(2),IMAX®レーザー,
188,TOHO CINEMAS NAGAREYAMA OTAKANOMORI,https://www.tohotheater.jp/theater/035/institution.html,SCREEN 7,163+(2),3.9×9.4m,デジタル5.1ch
189,TOHO CINEMAS NAGAREYAMA OTAKANOMORI,https://www.tohotheater.jp/theater/035/institution.html,SCREEN 8,125+(2),3.6×8.5m,デジタル5.1ch
190,TOHO CINEMAS NAGAREYAMA OTAKANOMORI,https://www.tohotheater.jp/theater/035/institution.html,SCREEN 9,401+(2),6.1×14.5m,デジタル5.1ch
191,TOHO CINEMAS NAGAREYAMA OTAKANOMORI,https://www.tohotheater.jp/theater/035/institution.html,SCREEN 10,104+(2),3.5×8.4m,デジタル5.1ch
192,TOHO CINEMAS ICHIHARA,https://www.tohotheater.jp/theater/071/institution.html,SCREEN 1,125+(2),10.1×4.3m,デジタル5.1ch
193,TOHO CINEMAS ICHIHARA,https://www.tohotheater.jp/theater/071/institution.html,SCREEN 2,124+(2),3D/10.1×4.3m,デジタル5.1ch
194,TOHO CINEMAS ICHIHARA,https://www.tohotheater.jp/theater/071/institution.html,SCREEN 3,125+(2),10.1×4.3m,デジタル5.1ch
195,TOHO CINEMAS ICHIHARA,https://www.tohotheater.jp/theater/071/institution.html,SCREEN 4,268+(2),16.14×6.86m,デジタル5.1ch
196,TOHO CINEMAS ICHIHARA,https://www.tohotheater.jp/theater/071/institution.html,SCREEN 5,191+(2),3D/12×5.1m,デジタル5.1ch
197,TOHO CINEMAS ICHIHARA,https://www.tohotheater.jp/theater/071/institution.html,SCREEN 6,124+(2),10.1×4.3m,デジタル5.1ch
198,TOHO CINEMAS ICHIHARA,https://www.tohotheater.jp/theater/071/institution.html,SCREEN 7,85+(2),8.3×3.53m,デジタル5.1ch
199,TOHO CINEMAS ICHIHARA,https://www.tohotheater.jp/theater/071/institution.html,SCREEN 8,85+(2),10.1×4.3m,デジタル5.1ch
200,TOHO CINEMAS ICHIHARA,https://www.tohotheater.jp/theater/071/institution.html,SCREEN 9,328+(2),TCX®/3D/18.5×8.35m,デジタル5.1ch
201,TOHO CINEMAS ICHIHARA,https://www.tohotheater.jp/theater/071/institution.html,SCREEN 10,123+(2),10.1×4.3m,デジタル5.1ch
202,TOHO CINEMAS EBINA,https://www.tohotheater.jp/theater/007/institution.html,SCREEN 1,630+(4),9.5×22.6m,デジタル5.1ch
203,TOHO CINEMAS EBINA,https://www.tohotheater.jp/theater/007/institution.html,SCREEN 2,301+(2),6.4×15.1m,デジタル5.1ch
204,TOHO CINEMAS EBINA,https://www.tohotheater.jp/theater/007/institution.html,SCREEN 3,205+(2),5.6×13.1m,デジタル5.1ch
205,TOHO CINEMAS EBINA,https://www.tohotheater.jp/theater/007/institution.html,SCREEN 4,92+(2),4.0×9.4m　MX4D®,デジタル5.1ch
206,TOHO CINEMAS EBINA,https://www.tohotheater.jp/theater/007/institution.html,SCREEN 5,165+(2),4.4×10.3m,デジタル5.1ch
207,TOHO CINEMAS EBINA,https://www.tohotheater.jp/theater/007/institution.html,SCREEN 6,145+(2),4.0×9.4m,デジタル5.1ch
208,TOHO CINEMAS EBINA,https://www.tohotheater.jp/theater/007/institution.html,SCREEN 7,145+(2),4.0×9.4m,デジタル5.1ch
209,TOHO CINEMAS EBINA,https://www.tohotheater.jp/theater/007/institution.html,SCREEN 8,145+(2),4.0×9.4m,デジタル5.1ch
210,TOHO CINEMAS EBINA,https://www.tohotheater.jp/theater/007/institution.html,SCREEN 9,200+(2),5.0×12.4m,デジタル5.1ch
211,TOHO CINEMAS EBINA,https://www.tohotheater.jp/theater/007/institution.html,SCREEN 10,170+(2),4.8×11.2m,デジタル5.1ch
212,TOHO CINEMAS ODAWARA,https://www.tohotheater.jp/theater/008/institution.html,PREMIER,75+(2),2.8×6.9m,デジタル5.1ch
213,TOHO CINEMAS ODAWARA,https://www.tohotheater.jp/theater/008/institution.html,SCREEN 1,499+(3),7.2×17.2m,デジタル5.1ch
214,TOHO CINEMAS ODAWARA,https://www.tohotheater.jp/theater/008/institution.html,SCREEN 2,255+(2),4.5×10.9m,デジタル5.1ch
215,TOHO CINEMAS ODAWARA,https://www.tohotheater.jp/theater/008/institution.html,SCREEN 3,204+(2),4.0×9.5m,デジタル5.1ch
216,TOHO CINEMAS ODAWARA,https://www.tohotheater.jp/theater/008/institution.html,SCREEN 4,133+(2),3.2×7.7m,デジタル5.1ch
217,TOHO CINEMAS ODAWARA,https://www.tohotheater.jp/theater/008/institution.html,SCREEN 5,167+(2),4.3×10.4m,デジタル5.1ch
218,TOHO CINEMAS ODAWARA,https://www.tohotheater.jp/theater/008/institution.html,SCREEN 6,155+(2),4.6×11.0m,デジタル5.1ch
219,TOHO CINEMAS ODAWARA,https://www.tohotheater.jp/theater/008/institution.html,SCREEN 7,171+(2),4.6×11.0m,デジタル5.1ch
220,TOHO CINEMAS ODAWARA,https://www.tohotheater.jp/theater/008/institution.html,SCREEN 8,122+(2),3.3×8.1m,デジタル5.1ch
221,TOHO CINEMAS KAWASAKI,https://www.tohotheater.jp/theater/010/institution.html,SCREEN 1,142+(2),3.5×8.4m,デジタル5.1ch
222,TOHO CINEMAS KAWASAKI,https://www.tohotheater.jp/theater/010/institution.html,SCREEN 2,147+(2),3.5×8.4m,デジタル5.1ch
223,TOHO CINEMAS KAWASAKI,https://www.tohotheater.jp/theater/010/institution.html,SCREEN 3,158+(2),4.0×9.5m,デジタル5.1ch
224,TOHO CINEMAS KAWASAKI,https://www.tohotheater.jp/theater/010/institution.html,SCREEN 4,150+(2),3.9×9.4m,デジタル5.1ch
225,TOHO CINEMAS KAWASAKI,https://www.tohotheater.jp/theater/010/institution.html,SCREEN 5,542+(4),6.7×15.9m,デジタル5.1ch
226,TOHO CINEMAS KAWASAKI,https://www.tohotheater.jp/theater/010/institution.html,SCREEN 6,335+(2),5.6×13.3m,デジタル5.1ch
227,TOHO CINEMAS KAWASAKI,https://www.tohotheater.jp/theater/010/institution.html,SCREEN 7,240+(2),4.3×10.4m,デジタル5.1ch
228,TOHO CINEMAS KAWASAKI,https://www.tohotheater.jp/theater/010/institution.html,SCREEN 8,112+(2),2.8×6.8m,デジタル5.1ch
229,TOHO CINEMAS KAWASAKI,https://www.tohotheater.jp/theater/010/institution.html,SCREEN 9,76+(2),3.6×8.7m　MX4D®,デジタル5.1ch
230,TOHO CINEMAS LALAPORT YOKOHAMA,https://www.tohotheater.jp/theater/036/institution.html,SCREEN 1,309＋(2),6.2×14.9m,デジタル5.1ch
231,TOHO CINEMAS LALAPORT YOKOHAMA,https://www.tohotheater.jp/theater/036/institution.html,SCREEN 2,126＋(2),3.7×9.0m,デジタル5.1ch
232,TOHO CINEMAS LALAPORT YOKOHAMA,https://www.tohotheater.jp/theater/036/institution.html,SCREEN 3,371＋(2),IMAX®デジタルシアター,
233,TOHO CINEMAS LALAPORT YOKOHAMA,https://www.tohotheater.jp/theater/036/institution.html,SCREEN 4,113+(2),3.4×8.0m,デジタル5.1ch
234,TOHO CINEMAS LALAPORT YOKOHAMA,https://www.tohotheater.jp/theater/036/institution.html,SCREEN 5,126＋(2),3.5×8.5m,デジタル5.1ch
235,TOHO CINEMAS LALAPORT YOKOHAMA,https://www.tohotheater.jp/theater/036/institution.html,SCREEN 6,205＋(2),3.9×9.5m,デジタル5.1ch
236,TOHO CINEMAS LALAPORT YOKOHAMA,https://www.tohotheater.jp/theater/036/institution.html,SCREEN 7,187＋(2),4.1×9.8m,デジタル5.1ch
237,TOHO CINEMAS LALAPORT YOKOHAMA,https://www.tohotheater.jp/theater/036/institution.html,SCREEN 8,211+(2),5.2×12.4m,デジタル5.1ch
238,TOHO CINEMAS LALAPORT YOKOHAMA,https://www.tohotheater.jp/theater/036/institution.html,SCREEN 9,115＋(2),3.4×8.0m,デジタル5.1ch
239,TOHO CINEMAS LALAPORT YOKOHAMA,https://www.tohotheater.jp/theater/036/institution.html,SCREEN 10,105＋(2),3.5×8.3m,デジタル5.1ch
240,TOHO CINEMAS LALAPORT YOKOHAMA,https://www.tohotheater.jp/theater/036/institution.html,SCREEN 11,125＋(2),3.8×9.1m,デジタル5.1ch
241,TOHO CINEMAS LALAPORT YOKOHAMA,https://www.tohotheater.jp/theater/036/institution.html,SCREEN 12,242＋(2),4.4×10.5m,デジタル5.1ch
242,TOHO CINEMAS LALAPORT YOKOHAMA,https://www.tohotheater.jp/theater/036/institution.html,SCREEN 13,204＋(2),4.2×10.2m,デジタル5.1ch
243,TOHO CINEMAS KAMIOOKA,https://www.tohotheater.jp/theater/066/institution.html,SCREEN 1,87＋(2),3.0×7.2m,デジタル5.1ch
244,TOHO CINEMAS KAMIOOKA,https://www.tohotheater.jp/theater/066/institution.html,SCREEN 2,128＋(2),3.5×8.3m,デジタル5.1ch
245,TOHO CINEMAS KAMIOOKA,https://www.tohotheater.jp/theater/066/institution.html,SCREEN 3,198＋(2),3.6×8.6m,デジタル5.1ch
246,TOHO CINEMAS KAMIOOKA,https://www.tohotheater.jp/theater/066/institution.html,SCREEN 4,221+(2),3.7×8.7m,デジタル5.1ch
247,TOHO CINEMAS KAMIOOKA,https://www.tohotheater.jp/theater/066/institution.html,SCREEN 5,418＋(2),7.3×17.2m,デジタル5.1ch
248,TOHO CINEMAS KAMIOOKA,https://www.tohotheater.jp/theater/066/institution.html,SCREEN 6,87＋(2),3.0×7.2m,デジタル5.1ch
249,TOHO CINEMAS KAMIOOKA,https://www.tohotheater.jp/theater/066/institution.html,SCREEN 7,128＋(2),3.5×8.3m,デジタル5.1ch
250,TOHO CINEMAS KAMIOOKA,https://www.tohotheater.jp/theater/066/institution.html,SCREEN 8,198+(2),3.6×8.6m,デジタル5.1ch
251,TOHO CINEMAS KAMIOOKA,https://www.tohotheater.jp/theater/066/institution.html,SCREEN 9,221＋(2),3.7×8.7m,デジタル5.1ch
252,TOHO CINEMAS LALAPORT FUJIMI,https://www.tohotheater.jp/theater/075/institution.html,SCREEN 1,371+(2),TCX®/3D 7.8×18.7m,DOLBY ATMOS(対応作品のみ)
253,TOHO CINEMAS LALAPORT FUJIMI,https://www.tohotheater.jp/theater/075/institution.html,SCREEN 2,199+(2),4.7×11.3m,デジタル5.1ch
254,TOHO CINEMAS LALAPORT FUJIMI,https://www.tohotheater.jp/theater/075/institution.html,SCREEN 3,199+(2),3D/4.7×11.3m,デジタル5.1ch
255,TOHO CINEMAS LALAPORT FUJIMI,https://www.tohotheater.jp/theater/075/institution.html,SCREEN 4,176+(2),5.0×11.8m,デジタル5.1ch
256,TOHO CINEMAS LALAPORT FUJIMI,https://www.tohotheater.jp/theater/075/institution.html,SCREEN 5,163+(2),4.9×11.6m,デジタル5.1ch
257,TOHO CINEMAS LALAPORT FUJIMI,https://www.tohotheater.jp/theater/075/institution.html,SCREEN 6,89+(2),3.6×8.6m,デジタル5.1ch
258,TOHO CINEMAS LALAPORT FUJIMI,https://www.tohotheater.jp/theater/075/institution.html,SCREEN 7,108+(2),4.6×11.0m　MX4D®,デジタル5.1ch
259,TOHO CINEMAS LALAPORT FUJIMI,https://www.tohotheater.jp/theater/075/institution.html,SCREEN 8,147+(2),4.6×11.0m,デジタル5.1ch
260,TOHO CINEMAS LALAPORT FUJIMI,https://www.tohotheater.jp/theater/075/institution.html,SCREEN 9,139+(2),4.9×11.8m,デジタル5.1ch
261,TOHO CINEMAS UTSUNOMIYA,https://www.tohotheater.jp/theater/015/institution.html,SCREEN 1,445+(3),6.7×16.2m,デジタル5.1ch
262,TOHO CINEMAS UTSUNOMIYA,https://www.tohotheater.jp/theater/015/institution.html,SCREEN 2,105+(2),3.0×7.2m,デジタル5.1ch
263,TOHO CINEMAS UTSUNOMIYA,https://www.tohotheater.jp/theater/015/institution.html,SCREEN 3,125+(2),2.9×6.8m,デジタル5.1ch
264,TOHO CINEMAS UTSUNOMIYA,https://www.tohotheater.jp/theater/015/institution.html,SCREEN 4,105+(2),3.1×7.5m,デジタル5.1ch
265,TOHO CINEMAS UTSUNOMIYA,https://www.tohotheater.jp/theater/015/institution.html,SCREEN 5,84+(2),3.5×8.3m　MX4D®,デジタル5.1ch
266,TOHO CINEMAS UTSUNOMIYA,https://www.tohotheater.jp/theater/015/institution.html,SCREEN 6,152+(2),3.4×8.1m,デジタル5.1ch
267,TOHO CINEMAS UTSUNOMIYA,https://www.tohotheater.jp/theater/015/institution.html,SCREEN 7,93+(2),3.2×7.6m,デジタル5.1ch
268,TOHO CINEMAS UTSUNOMIYA,https://www.tohotheater.jp/theater/015/institution.html,SCREEN 8,93+(2),3.0×7.3m,デジタル5.1ch
269,TOHO CINEMAS UTSUNOMIYA,https://www.tohotheater.jp/theater/015/institution.html,SCREEN 9,248+(2),6.0×14.3m,デジタル5.1ch
270,TOHO CINEMAS UTSUNOMIYA,https://www.tohotheater.jp/theater/015/institution.html,SCREEN 10,340+(2),6.0×14.4m,デジタル5.1ch
271,TOHO CINEMAS HITACHINAKA,https://www.tohotheater.jp/theater/024/institution.html,SCREEN 1,108+(2),3.2×7.7m,デジタル5.1ch
272,TOHO CINEMAS HITACHINAKA,https://www.tohotheater.jp/theater/024/institution.html,SCREEN 2,108+(2),3.3×7.9m,デジタル5.1ch
273,TOHO CINEMAS HITACHINAKA,https://www.tohotheater.jp/theater/024/institution.html,SCREEN 3,225+(2),4.6×10.9m,デジタル5.1ch
274,TOHO CINEMAS HITACHINAKA,https://www.tohotheater.jp/theater/024/institution.html,SCREEN 4,304+(2),5.1×12.1m,デジタル5.1ch
275,TOHO CINEMAS HITACHINAKA,https://www.tohotheater.jp/theater/024/institution.html,SCREEN 5,386+(3),6.9×16.4m,デジタル5.1ch
276,TOHO CINEMAS HITACHINAKA,https://www.tohotheater.jp/theater/024/institution.html,SCREEN 6,225+(2),4.6×10.9m,デジタル5.1ch
277,TOHO CINEMAS HITACHINAKA,https://www.tohotheater.jp/theater/024/institution.html,SCREEN 7,78+(2),2.8×6.6m,デジタル5.1ch
278,TOHO CINEMAS HITACHINAKA,https://www.tohotheater.jp/theater/024/institution.html,SCREEN 8,108+(2),3.3×7.9m,デジタル5.1ch
279,TOHO CINEMAS HITACHINAKA,https://www.tohotheater.jp/theater/024/institution.html,SCREEN 9,108+(2),3.2×7.7m,デジタル5.1ch
280,TOHO CINEMAS HITACHINAKA,https://www.tohotheater.jp/theater/024/institution.html,SCREEN 10,62+(2),2.8×6.6m,デジタル5.1ch
281,TOHO CINEMAS MITOUCHIHARA,https://www.tohotheater.jp/theater/025/institution.html,SCREEN 1,345+(2),5.5×13.2m,デジタル5.1ch
282,TOHO CINEMAS MITOUCHIHARA,https://www.tohotheater.jp/theater/025/institution.html,SCREEN 2,244+(2),4.8×11.5m,デジタル5.1ch
283,TOHO CINEMAS MITOUCHIHARA,https://www.tohotheater.jp/theater/025/institution.html,SCREEN 3,284+(2),5.2×12.4m,デジタル5.1ch
284,TOHO CINEMAS MITOUCHIHARA,https://www.tohotheater.jp/theater/025/institution.html,SCREEN 4,103+(2),2.9×7.0m,デジタル5.1ch
285,TOHO CINEMAS MITOUCHIHARA,https://www.tohotheater.jp/theater/025/institution.html,SCREEN 5,119+(2),2.9×7.0m,デジタル5.1ch
286,TOHO CINEMAS MITOUCHIHARA,https://www.tohotheater.jp/theater/025/institution.html,SCREEN 6,304+(2),5.6×13.3m,デジタル5.1ch
287,TOHO CINEMAS MITOUCHIHARA,https://www.tohotheater.jp/theater/025/institution.html,SCREEN 7,88+(1),2.8×6.8m,デジタル5.1ch
288,TOHO CINEMAS MITOUCHIHARA,https://www.tohotheater.jp/theater/025/institution.html,SCREEN 8,95+(1),2.8×6.8m,デジタル5.1ch
289,TOHO CINEMAS KOFU,https://www.tohotheater.jp/theater/067/institution.html,SCREEN 1,162＋(2),4.9×11.8m,デジタル5.1ch
290,TOHO CINEMAS KOFU,https://www.tohotheater.jp/theater/067/institution.html,SCREEN 2,166＋(2),4.9×11.6m,デジタル5.1ch
291,TOHO CINEMAS KOFU,https://www.tohotheater.jp/theater/067/institution.html,SCREEN 3,107＋(2),3.9×9.2m,デジタル5.1ch
292,TOHO CINEMAS KOFU,https://www.tohotheater.jp/theater/067/institution.html,SCREEN 4,179＋(2),5.5×13.2m,デジタル5.1ch
293,TOHO CINEMAS KOFU,https://www.tohotheater.jp/theater/067/institution.html,SCREEN 5,116＋(2),4.1×9.8m,デジタル5.1ch
294,TOHO CINEMAS KOFU,https://www.tohotheater.jp/theater/067/institution.html,SCREEN 6,399＋(4),6.7×16.0m,デジタル5.1ch
295,TOHO CINEMAS KOFU,https://www.tohotheater.jp/theater/067/institution.html,SCREEN 7,143＋(2),5.0×12.0m,デジタル5.1ch
296,TOHO CINEMAS KOFU,https://www.tohotheater.jp/theater/067/institution.html,SCREEN 8,143＋(2),5.0×11.9m,デジタル5.1ch
297,TOHO CINEMAS KOFU,https://www.tohotheater.jp/theater/067/institution.html,SCREEN 9,314＋(3),5.8×13.8m,デジタル5.1ch
298,TOHO CINEMAS AKAIKE,https://www.tohotheater.jp/theater/079/institution.html,SCREEN 1,254+(2),12.8×5.5m,デジタル5.1ch
299,TOHO CINEMAS AKAIKE,https://www.tohotheater.jp/theater/079/institution.html,SCREEN 2,95+(2),8.4×3.6m,デジタル5.1ch
300,TOHO CINEMAS AKAIKE,https://www.tohotheater.jp/theater/079/institution.html,SCREEN 3,95+(2),8.4×3.6m,デジタル5.1ch
301,TOHO CINEMAS AKAIKE,https://www.tohotheater.jp/theater/079/institution.html,SCREEN 4,119+(2),9.9×4.2m,デジタル5.1ch
302,TOHO CINEMAS AKAIKE,https://www.tohotheater.jp/theater/079/institution.html,SCREEN 5,323+(2),16.9×7.2m　TCX®,DOLBY ATMOS(対応作品のみ)
303,TOHO CINEMAS AKAIKE,https://www.tohotheater.jp/theater/079/institution.html,SCREEN 6,299+(2),17.5×7.7m,デジタル5.1ch
304,TOHO CINEMAS AKAIKE,https://www.tohotheater.jp/theater/079/institution.html,SCREEN 7,72+(2),9.9×4.2m　MX4D®,デジタル5.1ch
305,TOHO CINEMAS AKAIKE,https://www.tohotheater.jp/theater/079/institution.html,SCREEN 8,115+(2),8.4×3.6m,デジタル5.1ch
306,TOHO CINEMAS AKAIKE,https://www.tohotheater.jp/theater/079/institution.html,SCREEN 9,115+(2),8.4×3.6m,デジタル5.1ch
307,TOHO CINEMAS AKAIKE,https://www.tohotheater.jp/theater/079/institution.html,SCREEN 10,235+(2),12.8×5.5m,デジタル5.1ch
308,TOHO CINEMAS TSUSHIMA,https://www.tohotheater.jp/theater/026/institution.html,SCREEN 1,323+(2),5.3×12.8m,デジタル5.1ch
309,TOHO CINEMAS TSUSHIMA,https://www.tohotheater.jp/theater/026/institution.html,SCREEN 2,242+(2),5.0×11.8m,デジタル5.1ch
310,TOHO CINEMAS TSUSHIMA,https://www.tohotheater.jp/theater/026/institution.html,SCREEN 3,104+(2),2.8×6.7m,デジタル5.1ch
311,TOHO CINEMAS TSUSHIMA,https://www.tohotheater.jp/theater/026/institution.html,SCREEN 4,104+(2),2.8×6.7m,デジタル5.1ch
312,TOHO CINEMAS TSUSHIMA,https://www.tohotheater.jp/theater/026/institution.html,SCREEN 5,95+(1),2.8×6.7m,デジタル5.1ch
313,TOHO CINEMAS TSUSHIMA,https://www.tohotheater.jp/theater/026/institution.html,SCREEN 6,180+(2),4.3×10.3m,デジタル5.1ch
314,TOHO CINEMAS TSUSHIMA,https://www.tohotheater.jp/theater/026/institution.html,SCREEN 7,373+(2),6.3×15.0m,デジタル5.1ch
315,TOHO CINEMAS TSUSHIMA,https://www.tohotheater.jp/theater/026/institution.html,SCREEN 8,114+(2),2.7×6.5m,デジタル5.1ch
316,TOHO CINEMAS TSUSHIMA,https://www.tohotheater.jp/theater/026/institution.html,SCREEN 9,114+(2),2.7×6.5m,デジタル5.1ch
317,TOHO CINEMAS TSUSHIMA,https://www.tohotheater.jp/theater/026/institution.html,SCREEN 10,114+(2),2.7×6.5m,デジタル5.1ch
318,TOHO CINEMAS HIGASHIURA,https://www.tohotheater.jp/theater/021/institution.html,SCREEN 1,421+(3),6.7×15.5m,デジタル5.1ch
319,TOHO CINEMAS HIGASHIURA,https://www.tohotheater.jp/theater/021/institution.html,,,,
320,TOHO CINEMAS HIGASHIURA,https://www.tohotheater.jp/theater/021/institution.html,SCREEN 2,184+(2),5.0×11.7m,デジタル5.1ch
321,TOHO CINEMAS HIGASHIURA,https://www.tohotheater.jp/theater/021/institution.html,,,,
322,TOHO CINEMAS HIGASHIURA,https://www.tohotheater.jp/theater/021/institution.html,SCREEN 3,261+(2),5.7×13.1m,デジタル5.1ch
323,TOHO CINEMAS HIGASHIURA,https://www.tohotheater.jp/theater/021/institution.html,,,,
324,TOHO CINEMAS HIGASHIURA,https://www.tohotheater.jp/theater/021/institution.html,SCREEN 4,221+(2),5.9×13.7m,デジタル5.1ch
325,TOHO CINEMAS HIGASHIURA,https://www.tohotheater.jp/theater/021/institution.html,,,,
326,TOHO CINEMAS HIGASHIURA,https://www.tohotheater.jp/theater/021/institution.html,SCREEN 5,170+(2),5.0×11.5m,デジタル5.1ch
327,TOHO CINEMAS HIGASHIURA,https://www.tohotheater.jp/theater/021/institution.html,,,,
328,TOHO CINEMAS HIGASHIURA,https://www.tohotheater.jp/theater/021/institution.html,SCREEN 6,123+(1),3.9×8.9m,デジタル5.1ch
329,TOHO CINEMAS HIGASHIURA,https://www.tohotheater.jp/theater/021/institution.html,,,,
330,TOHO CINEMAS HIGASHIURA,https://www.tohotheater.jp/theater/021/institution.html,SCREEN 7,123+(1),3.9×8.9m,デジタル5.1ch
331,TOHO CINEMAS HIGASHIURA,https://www.tohotheater.jp/theater/021/institution.html,,,,
332,TOHO CINEMAS HIGASHIURA,https://www.tohotheater.jp/theater/021/institution.html,SCREEN 8,152+(1),4.3×10.0m,デジタル5.1ch
333,TOHO CINEMAS HIGASHIURA,https://www.tohotheater.jp/theater/021/institution.html,,,,
334,TOHO CINEMAS HIGASHIURA,https://www.tohotheater.jp/theater/021/institution.html,SCREEN 9,131+(1),4.3×10.0m,デジタル5.1ch
335,TOHO CINEMAS HIGASHIURA,https://www.tohotheater.jp/theater/021/institution.html,,,,
336,TOHO CINEMAS KISOGAWA,https://www.tohotheater.jp/theater/016/institution.html,SCREEN 1,93+(2),3.9×7.2m,デジタル5.1ch
337,TOHO CINEMAS KISOGAWA,https://www.tohotheater.jp/theater/016/institution.html,SCREEN 2,104+(2),3.8×7.6m,デジタル5.1ch
338,TOHO CINEMAS KISOGAWA,https://www.tohotheater.jp/theater/016/institution.html,SCREEN 3,182+(2),4.6×9.5m,デジタル5.1ch
339,TOHO CINEMAS KISOGAWA,https://www.tohotheater.jp/theater/016/institution.html,SCREEN 4,130+(2),4.2×8.2m,デジタル5.1ch
340,TOHO CINEMAS KISOGAWA,https://www.tohotheater.jp/theater/016/institution.html,SCREEN 5,381+(3),6.6×15.8m,デジタル5.1ch
341,TOHO CINEMAS KISOGAWA,https://www.tohotheater.jp/theater/016/institution.html,SCREEN 6,313+(2),6.3×13.4m,デジタル5.1ch
342,TOHO CINEMAS KISOGAWA,https://www.tohotheater.jp/theater/016/institution.html,SCREEN 7,93+(2),3.9×7.2m,デジタル5.1ch
343,TOHO CINEMAS KISOGAWA,https://www.tohotheater.jp/theater/016/institution.html,SCREEN 8,214+(2),5.4×10.9m,デジタル5.1ch
344,TOHO CINEMAS KISOGAWA,https://www.tohotheater.jp/theater/016/institution.html,SCREEN 9,163+(2),4.9×9.6m,デジタル5.1ch
345,TOHO CINEMAS KISOGAWA,https://www.tohotheater.jp/theater/016/institution.html,SCREEN 10,134+(2),4.9×10.1m,デジタル5.1ch
346,TOHO CINEMAS HAMAMATSU,https://www.tohotheater.jp/theater/004/institution.html,PREMIER,97+(2),5.3×12.1m,デジタル5.1ch
347,TOHO CINEMAS HAMAMATSU,https://www.tohotheater.jp/theater/004/institution.html,SCREEN 1,250+(3),5.6×13.0m,デジタル5.1ch
348,TOHO CINEMAS HAMAMATSU,https://www.tohotheater.jp/theater/004/institution.html,SCREEN 2,250+(3),5.6×13.0m,デジタル5.1ch
349,TOHO CINEMAS HAMAMATSU,https://www.tohotheater.jp/theater/004/institution.html,SCREEN 3,159+(3),5.2×11.9m,デジタル5.1ch
350,TOHO CINEMAS HAMAMATSU,https://www.tohotheater.jp/theater/004/institution.html,SCREEN 4,178+(3),5.6×13.0m,デジタル5.1ch
351,TOHO CINEMAS HAMAMATSU,https://www.tohotheater.jp/theater/004/institution.html,SCREEN 5,317+(3),5.6×13.0m,デジタル5.1ch
352,TOHO CINEMAS HAMAMATSU,https://www.tohotheater.jp/theater/004/institution.html,SCREEN 6,319+(3),5.6×13.0m,デジタル5.1ch
353,TOHO CINEMAS HAMAMATSU,https://www.tohotheater.jp/theater/004/institution.html,SCREEN 7,174+(2),5.6×12.9m,デジタル5.1ch
354,TOHO CINEMAS HAMAMATSU,https://www.tohotheater.jp/theater/004/institution.html,SCREEN 8,159+(3),5.2×11.9m,デジタル5.1ch
355,TOHO CINEMAS SUN STREET HAMAKITA,https://www.tohotheater.jp/theater/039/institution.html,SCREEN 1,415+(2),7.2×17.4m,デジタル5.1ch
356,TOHO CINEMAS SUN STREET HAMAKITA,https://www.tohotheater.jp/theater/039/institution.html,SCREEN 2,313+(2),6.8×16.3m,デジタル5.1ch
357,TOHO CINEMAS SUN STREET HAMAKITA,https://www.tohotheater.jp/theater/039/institution.html,SCREEN 3,182+(2),4.9×11.9m,デジタル5.1ch
358,TOHO CINEMAS SUN STREET HAMAKITA,https://www.tohotheater.jp/theater/039/institution.html,SCREEN 4,135+(2),3.6×8.6m,デジタル5.1ch
359,TOHO CINEMAS SUN STREET HAMAKITA,https://www.tohotheater.jp/theater/039/institution.html,SCREEN 5,125+(2),3.4×8.1m,デジタル5.1ch
360,TOHO CINEMAS SUN STREET HAMAKITA,https://www.tohotheater.jp/theater/039/institution.html,SCREEN 6,265+(2),5.6×13.5m,デジタル5.1ch
361,TOHO CINEMAS SUN STREET HAMAKITA,https://www.tohotheater.jp/theater/039/institution.html,SCREEN 7,234+(2),5.7×13.6m,デジタル5.1ch
362,TOHO CINEMAS SUN STREET HAMAKITA,https://www.tohotheater.jp/theater/039/institution.html,SCREEN 8,172+(2),4.0×9.6m,デジタル5.1ch
363,TOHO CINEMAS SUN STREET HAMAKITA,https://www.tohotheater.jp/theater/039/institution.html,SCREEN 9,100+(2),3.4×8.1m,デジタル5.1ch
364,TOHO CINEMAS LALAPORT IWATA,https://www.tohotheater.jp/theater/065/institution.html,SCREEN 1,170+(2),4.2×10.2m,デジタル5.1ch
365,TOHO CINEMAS LALAPORT IWATA,https://www.tohotheater.jp/theater/065/institution.html,SCREEN 2,138+(2),4.2×10.0m,デジタル5.1ch
366,TOHO CINEMAS LALAPORT IWATA,https://www.tohotheater.jp/theater/065/institution.html,SCREEN 3,130+(2),3.4×8.0m,デジタル5.1ch
367,TOHO CINEMAS LALAPORT IWATA,https://www.tohotheater.jp/theater/065/institution.html,SCREEN 4,331+(3),5.3×12.6m,デジタル5.1ch
368,TOHO CINEMAS LALAPORT IWATA,https://www.tohotheater.jp/theater/065/institution.html,SCREEN 5,150+(2),3.7×8.8m,デジタル5.1ch
369,TOHO CINEMAS LALAPORT IWATA,https://www.tohotheater.jp/theater/065/institution.html,SCREEN 6,107+(2),3.5×8.3m,デジタル5.1ch
370,TOHO CINEMAS LALAPORT IWATA,https://www.tohotheater.jp/theater/065/institution.html,SCREEN 7,135+(2),3.8×9.3m,デジタル5.1ch
371,TOHO CINEMAS LALAPORT IWATA,https://www.tohotheater.jp/theater/065/institution.html,SCREEN 8,108+(2),4.2×10.2m,デジタル5.1ch
372,TOHO CINEMAS LALAPORT IWATA,https://www.tohotheater.jp/theater/065/institution.html,SCREEN 9,203+(2),4.5×10.7m,デジタル5.1ch
373,TOHO CINEMAS LALAPORT IWATA,https://www.tohotheater.jp/theater/065/institution.html,SCREEN 10,170+(2),4.1×9.8m,デジタル5.1ch
374,TOHO CINEMAS GIFU,https://www.tohotheater.jp/theater/020/institution.html,SCREEN 1,336+(2),5.8×13.8m,デジタル5.1ch
375,TOHO CINEMAS GIFU,https://www.tohotheater.jp/theater/020/institution.html,SCREEN 2,131+(2),4.0×8.4m,デジタル5.1ch
376,TOHO CINEMAS GIFU,https://www.tohotheater.jp/theater/020/institution.html,SCREEN 3,152+(2),4.0×8.4m,デジタル5.1ch
377,TOHO CINEMAS GIFU,https://www.tohotheater.jp/theater/020/institution.html,SCREEN 4,98+(2),3.1×6.6m,デジタル5.1ch
378,TOHO CINEMAS GIFU,https://www.tohotheater.jp/theater/020/institution.html,SCREEN 5,119+(2),3.1×6.6m,デジタル5.1ch
379,TOHO CINEMAS GIFU,https://www.tohotheater.jp/theater/020/institution.html,SCREEN 6,300+(2),5.9×12.2m,デジタル5.1ch
380,TOHO CINEMAS GIFU,https://www.tohotheater.jp/theater/020/institution.html,SCREEN 7,264+(2),5.6×12.3m,デジタル5.1ch
381,TOHO CINEMAS GIFU,https://www.tohotheater.jp/theater/020/institution.html,SCREEN 8,254+(2),5.6×11.6m,デジタル5.1ch
382,TOHO CINEMAS GIFU,https://www.tohotheater.jp/theater/020/institution.html,SCREEN 9,206+(2),4.7×9.5m,デジタル5.1ch
383,TOHO CINEMAS GIFU,https://www.tohotheater.jp/theater/020/institution.html,SCREEN 10,236+(2),4.7×9.5m,デジタル5.1ch
384,TOHO CINEMAS MALERA GIFU,https://www.tohotheater.jp/theater/030/institution.html,SCREEN 1,446+(3),6.2×14.9m,デジタル5.1ch／7.1ch
385,TOHO CINEMAS MALERA GIFU,https://www.tohotheater.jp/theater/030/institution.html,SCREEN 2,400+(2),6.2×14.9m,デジタル5.1ch／7.1ch
386,TOHO CINEMAS MALERA GIFU,https://www.tohotheater.jp/theater/030/institution.html,SCREEN 3,187+(2),5.1×12.2m,デジタル5.1ch／7.1ch
387,TOHO CINEMAS MALERA GIFU,https://www.tohotheater.jp/theater/030/institution.html,SCREEN 4,176+(2),4.9×11.7m,デジタル5.1ch／7.1ch
388,TOHO CINEMAS MALERA GIFU,https://www.tohotheater.jp/theater/030/institution.html,SCREEN 5,129+(2),3.6×8.6m,デジタル5.1ch／7.1ch
389,TOHO CINEMAS MALERA GIFU,https://www.tohotheater.jp/theater/030/institution.html,SCREEN 6,149+(2),4.0×9.7m,デジタル5.1ch／7.1ch
390,TOHO CINEMAS MALERA GIFU,https://www.tohotheater.jp/theater/030/institution.html,SCREEN 7,104+(2),2.8×6.8m,デジタル5.1ch／7.1ch
391,TOHO CINEMAS MALERA GIFU,https://www.tohotheater.jp/theater/030/institution.html,SCREEN 8,104+(2),2.8×6.8m,デジタル5.1ch／7.1ch
392,TOHO CINEMAS MALERA GIFU,https://www.tohotheater.jp/theater/030/institution.html,SCREEN 9,104+(2),2.8×6.8m,デジタル5.1ch／7.1ch
393,TOHO CINEMAS MALERA GIFU,https://www.tohotheater.jp/theater/030/institution.html,SCREEN 10,104+(2),2.8×6.8m,デジタル5.1ch／7.1ch
394,TOHO CINEMAS MALERA GIFU,https://www.tohotheater.jp/theater/030/institution.html,SCREEN 11,298+(2),6.1×14.6m,デジタル5.1ch／7.1ch
395,TOHO CINEMAS MALERA GIFU,https://www.tohotheater.jp/theater/030/institution.html,SCREEN 12,278+(2),6.1×14.6m,デジタル5.1ch／7.1ch
396,TOHO CINEMAS FAVORE TOYAMA,https://www.tohotheater.jp/theater/053/institution.html,CINEMA 1,146+(1),4.4×9.8m,デジタル5.1ch
397,TOHO CINEMAS FAVORE TOYAMA,https://www.tohotheater.jp/theater/053/institution.html,CINEMA 2,84+(1),3.2×6.9m,デジタル5.1ch
398,TOHO CINEMAS FAVORE TOYAMA,https://www.tohotheater.jp/theater/053/institution.html,CINEMA 3,133+(1),3.8×8.2m,デジタル5.1ch
399,TOHO CINEMAS FAVORE TOYAMA,https://www.tohotheater.jp/theater/053/institution.html,CINEMA 4,220+(1),5.3×10.8m,デジタル5.1ch
400,TOHO CINEMAS FAVORE TOYAMA,https://www.tohotheater.jp/theater/053/institution.html,CINEMA 5,363+(2),6.2×15.3m,デジタル5.1ch
401,TOHO CINEMAS FAVORE TOYAMA,https://www.tohotheater.jp/theater/053/institution.html,CINEMA 6,220+(1),5.3×10.8m,デジタル5.1ch
402,TOHO CINEMAS FAVORE TOYAMA,https://www.tohotheater.jp/theater/053/institution.html,CINEMA 7,148+(1),4.7×10.7m,デジタル5.1ch
403,TOHO CINEMAS FAVORE TOYAMA,https://www.tohotheater.jp/theater/053/institution.html,CINEMA 8,157+(1),4.8×10.7m,デジタル5.1ch
404,TOHO CINEMAS FAVORE TOYAMA,https://www.tohotheater.jp/theater/053/institution.html,CINEMA 9,142+(1),4.5×9.9m,デジタル5.1ch
405,TOHO CINEMAS FAVORE TOYAMA,https://www.tohotheater.jp/theater/053/institution.html,CINEMA 10,100+(1),3.4×6.8m,デジタル5.1ch
406,TOHO CINEMAS TAKAOKA,https://www.tohotheater.jp/theater/054/institution.html,シネマ 1,130+(2),4.3×8.4m,デジタル5.1ch
407,TOHO CINEMAS TAKAOKA,https://www.tohotheater.jp/theater/054/institution.html,シネマ 2,119+(2),4.1×8.0m,デジタル5.1ch
408,TOHO CINEMAS TAKAOKA,https://www.tohotheater.jp/theater/054/institution.html,シネマ 3,221+(2),4.5×8.7m,デジタル5.1ch
409,TOHO CINEMAS TAKAOKA,https://www.tohotheater.jp/theater/054/institution.html,シネマ 4,407+(2),6.0×12.5m,デジタル5.1ch
410,TOHO CINEMAS TAKAOKA,https://www.tohotheater.jp/theater/054/institution.html,シネマ 5,338+(2),5.6×12.4m,デジタル5.1ch
411,TOHO CINEMAS TAKAOKA,https://www.tohotheater.jp/theater/054/institution.html,シネマ 6,169+(2),4.3×8.3m,デジタル5.1ch
412,TOHO CINEMAS TAKAOKA,https://www.tohotheater.jp/theater/054/institution.html,シネマ 7,155+(2),3.9×9.5m,デジタル5.1ch
413,TOHO CINEMAS TAKAOKA,https://www.tohotheater.jp/theater/054/institution.html,シネマ 8,198+(2),4.4×9.8m,デジタル5.1ch
414,TOHO CINEMAS UEDA,https://www.tohotheater.jp/theater/068/institution.html,SCREEN 1,108＋(2),3.6×8.4m,デジタル5.1ch
415,TOHO CINEMAS UEDA,https://www.tohotheater.jp/theater/068/institution.html,SCREEN 2,309＋(2),6.8×16.2m,デジタル5.1ch
416,TOHO CINEMAS UEDA,https://www.tohotheater.jp/theater/068/institution.html,SCREEN 3,86＋(2),3.4×8.2m,デジタル5.1ch
417,TOHO CINEMAS UEDA,https://www.tohotheater.jp/theater/068/institution.html,SCREEN 4,84＋(2),3.4×8.2m,デジタル5.1ch
418,TOHO CINEMAS UEDA,https://www.tohotheater.jp/theater/068/institution.html,SCREEN 5,86＋(2),3.4×8.2m,デジタル5.1ch
419,TOHO CINEMAS UEDA,https://www.tohotheater.jp/theater/068/institution.html,SCREEN 6,85＋(2),3.4×8.2m,デジタル5.1ch
420,TOHO CINEMAS UEDA,https://www.tohotheater.jp/theater/068/institution.html,SCREEN 7,130＋(2),3.9×9.4m,デジタル5.1ch
421,TOHO CINEMAS UEDA,https://www.tohotheater.jp/theater/068/institution.html,SCREEN 8,130＋(2),3.9×9.4m,デジタル5.1ch
422,TOHO CINEMAS UMEDA,https://www.tohotheater.jp/theater/037/institution.html,本館 SCREEN 1,733+(4),6.3×15.0m TCX®,DOLBY ATMOS(対応作品のみ)
423,TOHO CINEMAS UMEDA,https://www.tohotheater.jp/theater/037/institution.html,本館 SCREEN 2,480+(3),5.7×13.3m,デジタル5.1ch
424,TOHO CINEMAS UMEDA,https://www.tohotheater.jp/theater/037/institution.html,本館 SCREEN 3,475+(3),5.5×12.6m,デジタル5.1ch
425,TOHO CINEMAS UMEDA,https://www.tohotheater.jp/theater/037/institution.html,本館 SCREEN 4,99+(2),2.6×6.1m,デジタル5.1ch
426,TOHO CINEMAS UMEDA,https://www.tohotheater.jp/theater/037/institution.html,本館 SCREEN 5,96+(2),2.6×6.1m,デジタル5.1ch
427,TOHO CINEMAS UMEDA,https://www.tohotheater.jp/theater/037/institution.html,本館 SCREEN 6,99+(1),2.7×6.7m,デジタル5.1ch
428,TOHO CINEMAS UMEDA,https://www.tohotheater.jp/theater/037/institution.html,本館 SCREEN 7,132+(2),2.0×4.7m,デジタル5.1ch
429,TOHO CINEMAS UMEDA,https://www.tohotheater.jp/theater/037/institution.html,本館 SCREEN 8,152+(2),2.4×5.7m,デジタル5.1ch
430,TOHO CINEMAS UMEDA,https://www.tohotheater.jp/theater/037/institution.html,別館 SCREEN 9,267+(2),4.8×11.3m,デジタル5.1ch
431,TOHO CINEMAS UMEDA,https://www.tohotheater.jp/theater/037/institution.html,別館 SCREEN 10,121+(2),3.6×8.5m,デジタル5.1ch
432,TOHO CINEMAS NAMBA (MAIN BUILDING/ANNEX),https://www.tohotheater.jp/theater/032/institution.html,（本館）SCREEN 1,335+(2),5.9×14.0m,デジタル5.1ch
433,TOHO CINEMAS NAMBA (MAIN BUILDING/ANNEX),https://www.tohotheater.jp/theater/032/institution.html,（本館）SCREEN 2,452+(3),IMAX®デジタルシアター,
434,TOHO CINEMAS NAMBA (MAIN BUILDING/ANNEX),https://www.tohotheater.jp/theater/032/institution.html,（本館）SCREEN 3,94+(2),3.3×7.8m,デジタル5.1ch
435,TOHO CINEMAS NAMBA (MAIN BUILDING/ANNEX),https://www.tohotheater.jp/theater/032/institution.html,（本館）SCREEN 4,118+(2),3.6×8.5m,デジタル5.1ch
436,TOHO CINEMAS NAMBA (MAIN BUILDING/ANNEX),https://www.tohotheater.jp/theater/032/institution.html,（本館）SCREEN 5,112+(2),3.9×9.3m　MX4D®,デジタル5.1ch
437,TOHO CINEMAS NAMBA (MAIN BUILDING/ANNEX),https://www.tohotheater.jp/theater/032/institution.html,（本館）SCREEN 6,181+(2),4.6×11.0m,デジタル5.1ch
438,TOHO CINEMAS NAMBA (MAIN BUILDING/ANNEX),https://www.tohotheater.jp/theater/032/institution.html,（本館）SCREEN 7,270+(2),5.5×13.2m,デジタル5.1ch
439,TOHO CINEMAS NAMBA (MAIN BUILDING/ANNEX),https://www.tohotheater.jp/theater/032/institution.html,（本館）SCREEN 8,118+(2),2.8×6.4m,デジタル5.1ch
440,TOHO CINEMAS SENBOKU,https://www.tohotheater.jp/theater/005/institution.html,PREMIER,94+(2),4.82×11.00m,デジタル5.1ch
441,TOHO CINEMAS SENBOKU,https://www.tohotheater.jp/theater/005/institution.html,SCREEN 1,454+(3),5.32×12.34m,デジタル5.1ch
442,TOHO CINEMAS SENBOKU,https://www.tohotheater.jp/theater/005/institution.html,SCREEN 2,210+(2),5.42×13.00m,デジタル5.1ch
443,TOHO CINEMAS SENBOKU,https://www.tohotheater.jp/theater/005/institution.html,SCREEN 3,205+(2),4.19×9.43m,デジタル5.1ch
444,TOHO CINEMAS SENBOKU,https://www.tohotheater.jp/theater/005/institution.html,SCREEN 4,337+(2),5.50×13.01m,デジタル5.1ch
445,TOHO CINEMAS SENBOKU,https://www.tohotheater.jp/theater/005/institution.html,SCREEN 5,411+(3),5.35×12.48m,デジタル5.1ch
446,TOHO CINEMAS SENBOKU,https://www.tohotheater.jp/theater/005/institution.html,SCREEN 6,210+(2),5.01×11.73m,デジタル5.1ch
447,TOHO CINEMAS SENBOKU,https://www.tohotheater.jp/theater/005/institution.html,SCREEN 7,204+(2),4.82×11.00m,デジタル5.1ch
448,TOHO CINEMAS SENBOKU,https://www.tohotheater.jp/theater/005/institution.html,SCREEN 8,190+(2),4.22×9.66m,デジタル5.1ch
449,TOHO CINEMAS OTORI,https://www.tohotheater.jp/theater/045/institution.html,SCREEN 1,381+(2),6.1×14.6m,デジタル5.1ch
450,TOHO CINEMAS OTORI,https://www.tohotheater.jp/theater/045/institution.html,SCREEN 2,84+(2),4.3×10.4m MX4D®,デジタル5.1ch
451,TOHO CINEMAS OTORI,https://www.tohotheater.jp/theater/045/institution.html,SCREEN 3,81+(1),2.9×6.8m,デジタル5.1ch
452,TOHO CINEMAS OTORI,https://www.tohotheater.jp/theater/045/institution.html,SCREEN 4,81+(1),2.9×6.8m,デジタル5.1ch
453,TOHO CINEMAS OTORI,https://www.tohotheater.jp/theater/045/institution.html,SCREEN 5,220+(2),5.3×12.7m,デジタル5.1ch
454,TOHO CINEMAS OTORI,https://www.tohotheater.jp/theater/045/institution.html,SCREEN 6,358+(2),6.1×14.6m,デジタル5.1ch
455,TOHO CINEMAS OTORI,https://www.tohotheater.jp/theater/045/institution.html,SCREEN 7,311+(2),6.1×14.5m,デジタル5.1ch
456,TOHO CINEMAS OTORI,https://www.tohotheater.jp/theater/045/institution.html,SCREEN 8,134+(2),4.3×10.2m,デジタル5.1ch
457,TOHO CINEMAS OTORI,https://www.tohotheater.jp/theater/045/institution.html,SCREEN 9,123+(2),4.0×9.5m,デジタル5.1ch
458,TOHO CINEMAS OTORI,https://www.tohotheater.jp/theater/045/institution.html,SCREEN 10,81+(1),2.9×6.8m,デジタル5.1ch
459,TOHO CINEMAS KUZUHA MALL,https://www.tohotheater.jp/theater/072/institution.html,SCREEN 1,374+(3),8.4×20.0m TCX®,デジタル5.1ch、DOLBY ATMOS
460,TOHO CINEMAS KUZUHA MALL,https://www.tohotheater.jp/theater/072/institution.html,SCREEN 2,161+(2),4.5×10.7m,デジタル5.1ch
461,TOHO CINEMAS KUZUHA MALL,https://www.tohotheater.jp/theater/072/institution.html,SCREEN 3,225+(2),5.9×14.2m,デジタル5.1ch
462,TOHO CINEMAS KUZUHA MALL,https://www.tohotheater.jp/theater/072/institution.html,SCREEN 4,212+(2),5.5×13.2m,デジタル5.1ch
463,TOHO CINEMAS KUZUHA MALL,https://www.tohotheater.jp/theater/072/institution.html,SCREEN 5,154+(2),5.5×13.2m,デジタル5.1ch
464,TOHO CINEMAS KUZUHA MALL,https://www.tohotheater.jp/theater/072/institution.html,SCREEN 6,314+(2),6.8×16.2m,デジタル5.1ch
465,TOHO CINEMAS KUZUHA MALL,https://www.tohotheater.jp/theater/072/institution.html,SCREEN 7,108+(2),4.1×9.8m,デジタル5.1ch
466,TOHO CINEMAS KUZUHA MALL,https://www.tohotheater.jp/theater/072/institution.html,SCREEN 8,127+(2),3.9×9.2m,デジタル5.1ch
467,TOHO CINEMAS KUZUHA MALL,https://www.tohotheater.jp/theater/072/institution.html,SCREEN 9,162+(2),5.1×12.2m,デジタル5.1ch
468,TOHO CINEMAS KUZUHA MALL,https://www.tohotheater.jp/theater/072/institution.html,SCREEN 10,116+(2),4.0×9.5m,デジタル5.1ch
469,TOHO CINEMAS SEVEN PARK AMAMI,https://www.tohotheater.jp/theater/086/institution.html,SCREEN 1,245+(2),15.0×6.3m,デジタル5.1ch／7.1ch
470,TOHO CINEMAS SEVEN PARK AMAMI,https://www.tohotheater.jp/theater/086/institution.html,SCREEN 2,245+(2),15.0×6.3m,デジタル5.1ch／7.1ch
471,TOHO CINEMAS SEVEN PARK AMAMI,https://www.tohotheater.jp/theater/086/institution.html,SCREEN 3,79+(2),8.6×3.6m,デジタル5.1ch／7.1ch
472,TOHO CINEMAS SEVEN PARK AMAMI,https://www.tohotheater.jp/theater/086/institution.html,SCREEN 4,98+(2),8.5×3.6m,デジタル5.1ch／7.1ch
473,TOHO CINEMAS SEVEN PARK AMAMI,https://www.tohotheater.jp/theater/086/institution.html,SCREEN 5,89+(2),8.6×3.6m,デジタル5.1ch／7.1ch
474,TOHO CINEMAS SEVEN PARK AMAMI,https://www.tohotheater.jp/theater/086/institution.html,SCREEN 6,185+(2),12.8×5.3m,轟音シアター
475,TOHO CINEMAS SEVEN PARK AMAMI,https://www.tohotheater.jp/theater/086/institution.html,SCREEN 7,104+(2),9.0×3.8m,デジタル5.1ch／7.1ch
476,TOHO CINEMAS SEVEN PARK AMAMI,https://www.tohotheater.jp/theater/086/institution.html,SCREEN 8,104+(2),9.0×3.8m,デジタル5.1ch／7.1ch
477,TOHO CINEMAS SEVEN PARK AMAMI,https://www.tohotheater.jp/theater/086/institution.html,SCREEN 9,195+(2),12.8×5.3m,デジタル5.1ch／7.1ch
478,TOHO CINEMAS NIJO,https://www.tohotheater.jp/theater/023/institution.html,PREMIER,68+(1),4.4×8.3m,デジタル5.1ch
479,TOHO CINEMAS NIJO,https://www.tohotheater.jp/theater/023/institution.html,SCREEN 1,280+(2),5.5×11.9m,デジタル5.1ch
480,TOHO CINEMAS NIJO,https://www.tohotheater.jp/theater/023/institution.html,SCREEN 2,125+(2),4.3×9.0m,デジタル5.1ch
481,TOHO CINEMAS NIJO,https://www.tohotheater.jp/theater/023/institution.html,SCREEN 3,105+(2),4.1×7.9m,デジタル5.1ch
482,TOHO CINEMAS NIJO,https://www.tohotheater.jp/theater/023/institution.html,SCREEN 4,105+(2),4.1×7.7m,デジタル5.1ch
483,TOHO CINEMAS NIJO,https://www.tohotheater.jp/theater/023/institution.html,SCREEN 5,163+(2),4.6×8.7m,デジタル5.1ch
484,TOHO CINEMAS NIJO,https://www.tohotheater.jp/theater/023/institution.html,SCREEN 6,221+(2),5.6×11.9m,デジタル5.1ch
485,TOHO CINEMAS NIJO,https://www.tohotheater.jp/theater/023/institution.html,SCREEN 7,114+(2),5.2×12.4m,デジタル5.1ch
486,TOHO CINEMAS NIJO,https://www.tohotheater.jp/theater/023/institution.html,SCREEN 8,153+(2),4.4×8.8m,デジタル5.1ch
487,TOHO CINEMAS NIJO,https://www.tohotheater.jp/theater/023/institution.html,SCREEN 9,117+(2),4.2×8.0m,デジタル5.1ch
488,TOHO CINEMAS NIJO,https://www.tohotheater.jp/theater/023/institution.html,SCREEN 10,324+(2),IMAX®デジタルシアター,
489,TOHO CINEMAS NISHINOMIYA OS,https://www.tohotheater.jp/theater/064/institution.html,SCREEN 1,299+(2),5.6×13.4m,デジタル5.1ch
490,TOHO CINEMAS NISHINOMIYA OS,https://www.tohotheater.jp/theater/064/institution.html,SCREEN 2,275+(2),IMAX®レーザー2021年11月19日（金）～導入,
491,TOHO CINEMAS NISHINOMIYA OS,https://www.tohotheater.jp/theater/064/institution.html,SCREEN 3,133+(2),4.0×9.5m,デジタル5.1ch
492,TOHO CINEMAS NISHINOMIYA OS,https://www.tohotheater.jp/theater/064/institution.html,SCREEN 4,113+(2),3.5×8.3m,デジタル5.1ch
493,TOHO CINEMAS NISHINOMIYA OS,https://www.tohotheater.jp/theater/064/institution.html,SCREEN 5,95+(1),2.8×6.7m,デジタル5.1ch
494,TOHO CINEMAS NISHINOMIYA OS,https://www.tohotheater.jp/theater/064/institution.html,SCREEN 6,95+(1),2.8×6.7m,デジタル5.1ch
495,TOHO CINEMAS NISHINOMIYA OS,https://www.tohotheater.jp/theater/064/institution.html,SCREEN 7,143+(2),4.2×10.1m,デジタル5.1ch
496,TOHO CINEMAS NISHINOMIYA OS,https://www.tohotheater.jp/theater/064/institution.html,SCREEN 8,151+(2),3.9×9.2m,デジタル5.1ch
497,TOHO CINEMAS NISHINOMIYA OS,https://www.tohotheater.jp/theater/064/institution.html,SCREEN 9,112+(2),5.3×12.8m　MX4D®,デジタル5.1ch
498,TOHO CINEMAS NISHINOMIYA OS,https://www.tohotheater.jp/theater/064/institution.html,SCREEN 10,150+(2),4.1×9.8m,デジタル5.1ch
499,TOHO CINEMAS NISHINOMIYA OS,https://www.tohotheater.jp/theater/064/institution.html,SCREEN 11,437+(3),7.5m×17.9m,デジタル5.1ch
500,TOHO CINEMAS NISHINOMIYA OS,https://www.tohotheater.jp/theater/064/institution.html,SCREEN 12,70+(1),2.9m×6.9m,デジタル5.1ch
501,TOHO CINEMAS ITAMI,https://www.tohotheater.jp/theater/038/institution.html,SCREEN 1,394+(2),6.4×15.0m,デジタル5.1ch
502,TOHO CINEMAS ITAMI,https://www.tohotheater.jp/theater/038/institution.html,SCREEN 2,181+(2),4.3×10.0m,デジタル5.1ch
503,TOHO CINEMAS ITAMI,https://www.tohotheater.jp/theater/038/institution.html,SCREEN 3,225+(2),5.2×12.2m,デジタル5.1ch
504,TOHO CINEMAS ITAMI,https://www.tohotheater.jp/theater/038/institution.html,SCREEN 4,323+(2),5.8×13.8m,デジタル5.1ch
505,TOHO CINEMAS ITAMI,https://www.tohotheater.jp/theater/038/institution.html,SCREEN 5,298+(2),5.3×12.5m,デジタル5.1ch
506,TOHO CINEMAS ITAMI,https://www.tohotheater.jp/theater/038/institution.html,SCREEN 6,130+(2),3.9×9.0m,デジタル5.1ch
507,TOHO CINEMAS ITAMI,https://www.tohotheater.jp/theater/038/institution.html,SCREEN 7,151+(2),4.1×9.4m,デジタル5.1ch
508,TOHO CINEMAS ITAMI,https://www.tohotheater.jp/theater/038/institution.html,SCREEN 8,151+(2),4.1×9.4m,デジタル5.1ch
509,TOHO CINEMAS KASHIHARA,https://www.tohotheater.jp/theater/013/institution.html,SCREEN 1,394+(3),6.4×15.4m,デジタル5.1ch
510,TOHO CINEMAS KASHIHARA,https://www.tohotheater.jp/theater/013/institution.html,SCREEN 2,304+(2),5.6×11.6m,デジタル5.1ch
511,TOHO CINEMAS KASHIHARA,https://www.tohotheater.jp/theater/013/institution.html,SCREEN 3,213+(2),5.3×11.1m,デジタル5.1ch
512,TOHO CINEMAS KASHIHARA,https://www.tohotheater.jp/theater/013/institution.html,SCREEN 4,107+(2),3.4×7.3m,デジタル5.1ch
513,TOHO CINEMAS KASHIHARA,https://www.tohotheater.jp/theater/013/institution.html,SCREEN 5,119+(2),3.5×7.5m,デジタル5.1ch
514,TOHO CINEMAS KASHIHARA,https://www.tohotheater.jp/theater/013/institution.html,SCREEN 6,119+(2),3.5×7.5m,デジタル5.1ch
515,TOHO CINEMAS KASHIHARA,https://www.tohotheater.jp/theater/013/institution.html,SCREEN 7,119+(2),3.5×7.5m,デジタル5.1ch
516,TOHO CINEMAS KASHIHARA,https://www.tohotheater.jp/theater/013/institution.html,SCREEN 8,143+(2),3.9×8.2m,デジタル5.1ch
517,TOHO CINEMAS KASHIHARA,https://www.tohotheater.jp/theater/013/institution.html,SCREEN 9,93+(2),3.1×6.7m,デジタル5.1ch
518,TOHO CINEMAS KONAN,https://www.tohotheater.jp/theater/031/institution.html,SCREEN 1,138+(2),3.6×8.6m,デジタル5.1ch
519,TOHO CINEMAS KONAN,https://www.tohotheater.jp/theater/031/institution.html,SCREEN 2,433+(4),6.0×14.5m,デジタル5.1ch
520,TOHO CINEMAS KONAN,https://www.tohotheater.jp/theater/031/institution.html,SCREEN 3,250+(2),5.0×11.9m,デジタル5.1ch
521,TOHO CINEMAS KONAN,https://www.tohotheater.jp/theater/031/institution.html,SCREEN 4,116+(2),3.3×7.9m,デジタル5.1ch
522,TOHO CINEMAS KONAN,https://www.tohotheater.jp/theater/031/institution.html,SCREEN 5,95+(2),4.0×9.6m,デジタル5.1ch
523,TOHO CINEMAS KONAN,https://www.tohotheater.jp/theater/031/institution.html,SCREEN 6,205+(2),4.6×10.9m,デジタル5.1ch
524,TOHO CINEMAS KONAN,https://www.tohotheater.jp/theater/031/institution.html,SCREEN 7,85+(1),2.9×7.0m,デジタル5.1ch
525,TOHO CINEMAS KONAN,https://www.tohotheater.jp/theater/031/institution.html,SCREEN 8,85+(1),2.9×7.0m,デジタル5.1ch
526,TOHO CINEMAS KONAN,https://www.tohotheater.jp/theater/031/institution.html,SCREEN 9,101+(2),3.5×8.3m,デジタル5.1ch
527,TOHO CINEMAS KONAN,https://www.tohotheater.jp/theater/031/institution.html,SCREEN 10,101+(2),3.5×8.3m,デジタル5.1ch
528,TOHO CINEMAS MIDORII,https://www.tohotheater.jp/theater/019/institution.html,SCREEN 1,116+(2),3.5×8.4m,デジタル5.1ch
529,TOHO CINEMAS MIDORII,https://www.tohotheater.jp/theater/019/institution.html,SCREEN 2,422+(4),5.9×14.1m,デジタル5.1ch
530,TOHO CINEMAS MIDORII,https://www.tohotheater.jp/theater/019/institution.html,SCREEN 3,231+(3),4.4×10.5m,デジタル5.1ch
531,TOHO CINEMAS MIDORII,https://www.tohotheater.jp/theater/019/institution.html,SCREEN 4,94+(2),2.4×5.7m,デジタル5.1ch
532,TOHO CINEMAS MIDORII,https://www.tohotheater.jp/theater/019/institution.html,SCREEN 5,133+(2),3.2×7.7m,デジタル5.1ch
533,TOHO CINEMAS MIDORII,https://www.tohotheater.jp/theater/019/institution.html,SCREEN 6,104+(2),2.4×5.8m,デジタル5.1ch
534,TOHO CINEMAS MIDORII,https://www.tohotheater.jp/theater/019/institution.html,SCREEN 7,130+(2),3.8×9.1m,デジタル5.1ch
535,TOHO CINEMAS MIDORII,https://www.tohotheater.jp/theater/019/institution.html,SCREEN 8,130+(2),3.8×9.1m,デジタル5.1ch
536,TOHO CINEMAS KOCHI,https://www.tohotheater.jp/theater/017/institution.html,SCREEN 1,104+(2),3.5×6.5m,デジタル5.1ch
537,TOHO CINEMAS KOCHI,https://www.tohotheater.jp/theater/017/institution.html,SCREEN 2,130+(2),3.5×6.5m,デジタル5.1ch
538,TOHO CINEMAS KOCHI,https://www.tohotheater.jp/theater/017/institution.html,SCREEN 3,139+(2),5.2×9.7m,デジタル5.1ch
539,TOHO CINEMAS KOCHI,https://www.tohotheater.jp/theater/017/institution.html,SCREEN 4,160+(2),5.2×9.7m,デジタル5.1ch
540,TOHO CINEMAS KOCHI,https://www.tohotheater.jp/theater/017/institution.html,SCREEN 5,149+(2),5.6×10.3m,デジタル5.1ch
541,TOHO CINEMAS KOCHI,https://www.tohotheater.jp/theater/017/institution.html,SCREEN 6,216+(2),5.3×9.8m,デジタル5.1ch
542,TOHO CINEMAS KOCHI,https://www.tohotheater.jp/theater/017/institution.html,SCREEN 7,344+(2),6.6×12.1m,デジタル5.1ch
543,TOHO CINEMAS KOCHI,https://www.tohotheater.jp/theater/017/institution.html,SCREEN 8,158+(2),5.4×10.1m,デジタル5.1ch
544,TOHO CINEMAS KOCHI,https://www.tohotheater.jp/theater/017/institution.html,SCREEN 9,179+(2),5.4×10.1m,デジタル5.1ch
545,TOHO CINEMAS NIIHAMA,https://www.tohotheater.jp/theater/048/institution.html,SCREEN 1,300+(2),6.4×11.8m,デジタル5.1ch
546,TOHO CINEMAS NIIHAMA,https://www.tohotheater.jp/theater/048/institution.html,SCREEN 2,201+(2),5.3×11.4m,デジタル5.1ch
547,TOHO CINEMAS NIIHAMA,https://www.tohotheater.jp/theater/048/institution.html,SCREEN 3,135+(2),4.5×9.6m,デジタル5.1ch
548,TOHO CINEMAS NIIHAMA,https://www.tohotheater.jp/theater/048/institution.html,SCREEN 4,176+(2),5.6×10.5m,デジタル5.1ch
549,TOHO CINEMAS NIIHAMA,https://www.tohotheater.jp/theater/048/institution.html,SCREEN 5,113+(2),4.7×7.7m,デジタル5.1ch
550,TOHO CINEMAS NIIHAMA,https://www.tohotheater.jp/theater/048/institution.html,SCREEN 6,113+(2),4.7×7.7m,デジタル5.1ch
551,TOHO CINEMAS NIIHAMA,https://www.tohotheater.jp/theater/048/institution.html,SCREEN 7,107+(2),4.6×7.6m,デジタル5.1ch
552,TOHO CINEMAS Lalaport Fukuoka,https://www.tohotheater.jp/theater/087/institution.html,SCREEN 1,133+(2),4.88×11.65m,デジタル5.1ch／7.1ch
553,TOHO CINEMAS Lalaport Fukuoka,https://www.tohotheater.jp/theater/087/institution.html,SCREEN 2,192+(2),6.7×16m,デジタル5.1ch／7.1ch
554,TOHO CINEMAS Lalaport Fukuoka,https://www.tohotheater.jp/theater/087/institution.html,SCREEN 3,215+(2),6.7×16m　TCX®,カスタムオーダーメイドスピーカー
555,TOHO CINEMAS Lalaport Fukuoka,https://www.tohotheater.jp/theater/087/institution.html,SCREEN 4,215+(2),6.8×16m　TCX®,カスタムオーダーメイドスピーカー
556,TOHO CINEMAS Lalaport Fukuoka,https://www.tohotheater.jp/theater/087/institution.html,SCREEN 5,128+(2),5.44×13m,デジタル5.1ch／7.1ch
557,TOHO CINEMAS Lalaport Fukuoka,https://www.tohotheater.jp/theater/087/institution.html,SCREEN 6,82+(2),4.19×10m,デジタル5.1ch／7.1ch
558,TOHO CINEMAS Lalaport Fukuoka,https://www.tohotheater.jp/theater/087/institution.html,SCREEN 7,150+(2),4.81×11.5m,轟音シアター
559,TOHO CINEMAS Lalaport Fukuoka,https://www.tohotheater.jp/theater/087/institution.html,SCREEN 8,120+(2),5.1×12.2m,デジタル5.1ch／7.1ch
560,TOHO CINEMAS TENJIN SOLARIA PLAZA,https://www.tohotheater.jp/theater/056/institution.html,SCREEN 1（ソラリア館）,259+(2),4.0×9.4m,デジタル5.1ch
561,TOHO CINEMAS TENJIN SOLARIA PLAZA,https://www.tohotheater.jp/theater/056/institution.html,SCREEN 2（ソラリア館）,113+(2),2.4×5.6m,デジタル5.1ch
562,TOHO CINEMAS TENJIN SOLARIA PLAZA,https://www.tohotheater.jp/theater/056/institution.html,SCREEN 3（ソラリア館）,　61+(1),2.2×5.2m,デジタル5.1ch
563,TOHO CINEMAS FUKUTSU,https://www.tohotheater.jp/theater/069/institution.html,SCREEN 1,374+(2),6.7×16.0m,デジタル5.1ch
564,TOHO CINEMAS FUKUTSU,https://www.tohotheater.jp/theater/069/institution.html,SCREEN 2,123+(2),3.6×8.7m,デジタル5.1ch
565,TOHO CINEMAS FUKUTSU,https://www.tohotheater.jp/theater/069/institution.html,SCREEN 3,125+(2),3.6×8.7m,デジタル5.1ch
566,TOHO CINEMAS FUKUTSU,https://www.tohotheater.jp/theater/069/institution.html,SCREEN 4,215+(2),4.9×11.7m,デジタル5.1ch
567,TOHO CINEMAS FUKUTSU,https://www.tohotheater.jp/theater/069/institution.html,SCREEN 5,114+(2),3.4×8.1m,デジタル5.1ch
568,TOHO CINEMAS FUKUTSU,https://www.tohotheater.jp/theater/069/institution.html,SCREEN 6,249+(2),6.7×16.0m,デジタル5.1ch
569,TOHO CINEMAS FUKUTSU,https://www.tohotheater.jp/theater/069/institution.html,SCREEN 7,112+(2),3.4×8.1m,デジタル5.1ch
570,TOHO CINEMAS FUKUTSU,https://www.tohotheater.jp/theater/069/institution.html,SCREEN 8,123+(2),3.6×8.7m,デジタル5.1ch
571,TOHO CINEMAS FUKUTSU,https://www.tohotheater.jp/theater/069/institution.html,SCREEN 9,284+(2),6.7×16.0m,デジタル5.1ch
572,TOHO CINEMAS FUKUTSU,https://www.tohotheater.jp/theater/069/institution.html,SCREEN 10,170+(2),4.6×11.0m,デジタル5.1ch
573,TOHO CINEMAS NOGATA,https://www.tohotheater.jp/theater/022/institution.html,SCREEN 1,106+(2),3.7×6.9m,デジタル5.1ch
574,TOHO CINEMAS NOGATA,https://www.tohotheater.jp/theater/022/institution.html,SCREEN 2,94+(2),3.5×6.6m,デジタル5.1ch
575,TOHO CINEMAS NOGATA,https://www.tohotheater.jp/theater/022/institution.html,SCREEN 3,94+(2),3.5×6.6m,デジタル5.1ch
576,TOHO CINEMAS NOGATA,https://www.tohotheater.jp/theater/022/institution.html,SCREEN 4,229+(2),5.6×10.3m,デジタル5.1ch
577,TOHO CINEMAS NOGATA,https://www.tohotheater.jp/theater/022/institution.html,SCREEN 5,155+(2),4.8×8.9m,デジタル5.1ch
578,TOHO CINEMAS NOGATA,https://www.tohotheater.jp/theater/022/institution.html,SCREEN 6,259+(2),5.3×9.8m,デジタル5.1ch
579,TOHO CINEMAS NOGATA,https://www.tohotheater.jp/theater/022/institution.html,SCREEN 7,352+(2),6.3×11.6m,デジタル5.1ch
580,TOHO CINEMAS NOGATA,https://www.tohotheater.jp/theater/022/institution.html,SCREEN 8,219+(2),4.6×8.5m,デジタル5.1ch
581,TOHO CINEMAS NOGATA,https://www.tohotheater.jp/theater/022/institution.html,SCREEN 9,86+(2),3.5×6.4m,デジタル5.1ch
582,TOHO CINEMAS NAGASAKI,https://www.tohotheater.jp/theater/046/institution.html,SCREEN 1,238+(2),4.3×10.1m,デジタル5.1ch
583,TOHO CINEMAS NAGASAKI,https://www.tohotheater.jp/theater/046/institution.html,SCREEN 2,347+(2),6.25×15.45m,デジタル5.1ch
584,TOHO CINEMAS NAGASAKI,https://www.tohotheater.jp/theater/046/institution.html,SCREEN 3,208+(2),4.1×9.55m,デジタル5.1ch
585,TOHO CINEMAS NAGASAKI,https://www.tohotheater.jp/theater/046/institution.html,SCREEN 4,292+(2),4.95×11.85m,デジタル5.1ch
586,TOHO CINEMAS NAGASAKI,https://www.tohotheater.jp/theater/046/institution.html,SCREEN 5,238+(2),4.55×10.7m,デジタル5.1ch
587,TOHO CINEMAS NAGASAKI,https://www.tohotheater.jp/theater/046/institution.html,SCREEN 6,191+(2),4.35×10.4m,デジタル5.1ch
588,TOHO CINEMAS NAGASAKI,https://www.tohotheater.jp/theater/046/institution.html,SCREEN 7,100+(2),3.65×8.7m,デジタル5.1ch
589,TOHO CINEMAS NAGASAKI,https://www.tohotheater.jp/theater/046/institution.html,SCREEN 8,152+(2),3.6×8.4m,デジタル5.1ch
590,TOHO CINEMAS NAGASAKI,https://www.tohotheater.jp/theater/046/institution.html,SCREEN 9,152+(2),3.65×8.5m,デジタル5.1ch
591,TOHO CINEMAS KUMAMOTO SAKURAMACHI,https://www.tohotheater.jp/theater/083/institution.html,SCREEN 1,85+(2),9.6×4.0m,デジタル5.1ch
592,TOHO CINEMAS KUMAMOTO SAKURAMACHI,https://www.tohotheater.jp/theater/083/institution.html,SCREEN 2,114+(2),9.5×4.0m,デジタル5.1ch
593,TOHO CINEMAS KUMAMOTO SAKURAMACHI,https://www.tohotheater.jp/theater/083/institution.html,SCREEN 3,177+(2),11.3×4.8m,デジタル5.1ch
594,TOHO CINEMAS KUMAMOTO SAKURAMACHI,https://www.tohotheater.jp/theater/083/institution.html,SCREEN 4,267+(2),14.8×6.2m,デジタル5.1ch
595,TOHO CINEMAS KUMAMOTO SAKURAMACHI,https://www.tohotheater.jp/theater/083/institution.html,SCREEN 5,341+(2),18.0×7.5m TCX®,DTS:X(対応作品のみ)
596,TOHO CINEMAS KUMAMOTO SAKURAMACHI,https://www.tohotheater.jp/theater/083/institution.html,SCREEN 6,139+(2),10.1×4.2m,デジタル5.1ch
597,TOHO CINEMAS KUMAMOTO SAKURAMACHI,https://www.tohotheater.jp/theater/083/institution.html,SCREEN 7,94+(2),10.1×4.3m,デジタル5.1ch
598,TOHO CINEMAS KUMAMOTO SAKURAMACHI,https://www.tohotheater.jp/theater/083/institution.html,SCREEN 8,108+(2),8.0×3.3m,デジタル5.1ch
599,TOHO CINEMAS KUMAMOTO SAKURAMACHI,https://www.tohotheater.jp/theater/083/institution.html,SCREEN 9,235+(2),14.8×6.2m ScreenX,デジタル5.1ch
600,TOHO CINEMAS HIKARINOMORI,https://www.tohotheater.jp/theater/014/institution.html,SCREEN 1,426+(4),6.6×12.1m,デジタル5.1ch
601,TOHO CINEMAS HIKARINOMORI,https://www.tohotheater.jp/theater/014/institution.html,SCREEN 2,104+(2),4.1×7.4m,デジタル5.1ch
602,TOHO CINEMAS HIKARINOMORI,https://www.tohotheater.jp/theater/014/institution.html,SCREEN 3,104+(2),4.1×7.4m,デジタル5.1ch
603,TOHO CINEMAS HIKARINOMORI,https://www.tohotheater.jp/theater/014/institution.html,SCREEN 4,117+(2),4.4×6.3m,デジタル5.1ch
604,TOHO CINEMAS HIKARINOMORI,https://www.tohotheater.jp/theater/014/institution.html,SCREEN 5,177+(2),4.9×8.9m,デジタル5.1ch
605,TOHO CINEMAS HIKARINOMORI,https://www.tohotheater.jp/theater/014/institution.html,SCREEN 6,161+(2),4.6×8.4m,デジタル5.1ch
606,TOHO CINEMAS HIKARINOMORI,https://www.tohotheater.jp/theater/014/institution.html,SCREEN 7,217+(2),5.3×9.7m,デジタル5.1ch
607,TOHO CINEMAS HIKARINOMORI,https://www.tohotheater.jp/theater/014/institution.html,SCREEN 8,326+(2),5.3×9.8m,デジタル5.1ch
608,TOHO CINEMAS HIKARINOMORI,https://www.tohotheater.jp/theater/014/institution.html,SCREEN 9,125+(2),3.6×8.4m,デジタル5.1ch
609,TOHO CINEMAS HAMASEN,https://www.tohotheater.jp/theater/027/institution.html,SCREEN 1,287+(2),5.6×13.6m,デジタル5.1ch
610,TOHO CINEMAS HAMASEN,https://www.tohotheater.jp/theater/027/institution.html,SCREEN 2,130+(2),3.7×8.9m,デジタル5.1ch
611,TOHO CINEMAS HAMASEN,https://www.tohotheater.jp/theater/027/institution.html,SCREEN 3,119+(2),3.5×8.2m,デジタル5.1ch
612,TOHO CINEMAS HAMASEN,https://www.tohotheater.jp/theater/027/institution.html,SCREEN 4,119+(2),3.5×8.2m,デジタル5.1ch
613,TOHO CINEMAS HAMASEN,https://www.tohotheater.jp/theater/027/institution.html,SCREEN 5,108+(2),3.3×7.7m,デジタル5.1ch
614,TOHO CINEMAS HAMASEN,https://www.tohotheater.jp/theater/027/institution.html,SCREEN 6,99+(1),3.0×6.9m,デジタル5.1ch
615,TOHO CINEMAS HAMASEN,https://www.tohotheater.jp/theater/027/institution.html,SCREEN 7,166+(2),4.0×9.5m,デジタル5.1ch
616,TOHO CINEMAS HAMASEN,https://www.tohotheater.jp/theater/027/institution.html,SCREEN 8,154+(2),3.9×9.1m,デジタル5.1ch
617,TOHO CINEMAS HAMASEN,https://www.tohotheater.jp/theater/027/institution.html,SCREEN 9,383+(3),6.1×14.7m,デジタル5.1ch
618,TOHO CINEMAS UKI,https://www.tohotheater.jp/theater/057/institution.html,SCREEN 1,135+(1),3.5×8.0m,デジタル5.1ch
619,TOHO CINEMAS UKI,https://www.tohotheater.jp/theater/057/institution.html,SCREEN 2,107+(1),3.0×6.7m,デジタル5.1ch
620,TOHO CINEMAS UKI,https://www.tohotheater.jp/theater/057/institution.html,SCREEN 3,209+(1),4.1×9.4m,デジタル5.1ch
621,TOHO CINEMAS UKI,https://www.tohotheater.jp/theater/057/institution.html,SCREEN 4,271+(1),4.3×9.8m,デジタル5.1ch
622,TOHO CINEMAS UKI,https://www.tohotheater.jp/theater/057/institution.html,SCREEN 5,324+(2),5.6×13.1m,デジタル5.1ch
623,TOHO CINEMAS UKI,https://www.tohotheater.jp/theater/057/institution.html,SCREEN 6,210+(1),4.1×9.4m,デジタル5.1ch
624,TOHO CINEMAS UKI,https://www.tohotheater.jp/theater/057/institution.html,SCREEN 7,146+(1),3.5×8.0m,デジタル5.1ch
625,TOHO CINEMAS UKI,https://www.tohotheater.jp/theater/057/institution.html,SCREEN 8,106+(2),2.9×6.6m,デジタル5.1ch
626,TOHO CINEMAS OITA WASADA,https://www.tohotheater.jp/theater/055/institution.html,SCREEN 1,123+(2),2.7×6.3m,デジタル5.1ch
627,TOHO CINEMAS OITA WASADA,https://www.tohotheater.jp/theater/055/institution.html,SCREEN 2,220+(2),5.0×11.8m,デジタル5.1ch
628,TOHO CINEMAS OITA WASADA,https://www.tohotheater.jp/theater/055/institution.html,SCREEN 3,319+(2),5.9×13.8m,デジタル5.1ch
629,TOHO CINEMAS OITA WASADA,https://www.tohotheater.jp/theater/055/institution.html,SCREEN 4,243+(2),5.4×12.8m,デジタル5.1ch
630,TOHO CINEMAS OITA WASADA,https://www.tohotheater.jp/theater/055/institution.html,SCREEN 5,243+(2),5.4×12.8m,デジタル5.1ch
631,TOHO CINEMAS OITA WASADA,https://www.tohotheater.jp/theater/055/institution.html,SCREEN 6,198+(2),4.4×10.3m,デジタル5.1ch
632,TOHO CINEMAS OITA WASADA,https://www.tohotheater.jp/theater/055/institution.html,SCREEN 7,101+(2),4.2×9.8m,デジタル5.1ch
633,TOHO CINEMAS OITA WASADA,https://www.tohotheater.jp/theater/055/institution.html,SCREEN 8,178+(2),4.9×11.5m,デジタル5.1ch
634,TOHO CINEMAS OITA WASADA,https://www.tohotheater.jp/theater/055/institution.html,SCREEN 9,123+(2),3.5×8.3m,デジタル5.1ch
635,TOHO CINEMAS OITA WASADA,https://www.tohotheater.jp/theater/055/institution.html,SCREEN 10,131+(2),4.0×9.4m,デジタル5.1ch
636,TOHO CINEMAS OITA WASADA,https://www.tohotheater.jp/theater/055/institution.html,SCREEN 11,73+(2),2.6×6.0m,デジタル5.1ch
637,TOHO CINEMAS AMU PLAZA OITA,https://www.tohotheater.jp/theater/074/institution.html,SCREEN 1,110+(3),4.6×11.1m,デジタル5.1ch
638,TOHO CINEMAS AMU PLAZA OITA,https://www.tohotheater.jp/theater/074/institution.html,SCREEN 2,362+(4),TCX®/3D/6.2×15.0m,DOLBY ATMOS(対応作品のみ)
639,TOHO CINEMAS AMU PLAZA OITA,https://www.tohotheater.jp/theater/074/institution.html,SCREEN 3,113+(3),3D/4.4×10.6m,デジタル5.1ch
640,TOHO CINEMAS AMU PLAZA OITA,https://www.tohotheater.jp/theater/074/institution.html,SCREEN 4,71+(2),2.9×7.0m,デジタル5.1ch
641,TOHO CINEMAS AMU PLAZA OITA,https://www.tohotheater.jp/theater/074/institution.html,SCREEN 5,121+(3),4.1×9.9m,デジタル5.1ch
642,TOHO CINEMAS AMU PLAZA OITA,https://www.tohotheater.jp/theater/074/institution.html,SCREEN 6,229+(3),3D/4.8×11.4m,デジタル5.1ch
643,TOHO CINEMAS AMU PLAZA OITA,https://www.tohotheater.jp/theater/074/institution.html,SCREEN 7,283+(3),6.2×15.0m,デジタル5.1ch
644,TOHO CINEMAS AMU PLAZA OITA,https://www.tohotheater.jp/theater/074/institution.html,SCREEN 8,113+(3),4.4×10.6m,デジタル5.1ch
645,TOHO CINEMAS AMU PLAZA OITA,https://www.tohotheater.jp/theater/074/institution.html,SCREEN 9,211+(3),4.8×11.5m,デジタル5.1ch
646,TOHO CINEMAS AMU PLAZA OITA,https://www.tohotheater.jp/theater/074/institution.html,SCREEN 10,121+(3),4.6×11.1m,デジタル5.1ch
647,TOHO CINEMAS YOJIRO,https://www.tohotheater.jp/theater/033/institution.html,SCREEN 1,306+(2),6.34×15.41m,デジタル5.1ch
648,TOHO CINEMAS YOJIRO,https://www.tohotheater.jp/theater/033/institution.html,SCREEN 2,176+(2),4.42×10.50m,デジタル5.1ch
649,TOHO CINEMAS YOJIRO,https://www.tohotheater.jp/theater/033/institution.html,SCREEN 3,139+(2),4.11×9.66m,デジタル5.1ch
650,TOHO CINEMAS YOJIRO,https://www.tohotheater.jp/theater/033/institution.html,SCREEN 4,95+(1),3.00×6.91m,デジタル5.1ch
651,TOHO CINEMAS YOJIRO,https://www.tohotheater.jp/theater/033/institution.html,SCREEN 5,263+(2),5.57×13.13m,デジタル5.1ch
652,TOHO CINEMAS YOJIRO,https://www.tohotheater.jp/theater/033/institution.html,SCREEN 6,233+(2),5.53×13.14m,デジタル5.1ch
653,TOHO CINEMAS YOJIRO,https://www.tohotheater.jp/theater/033/institution.html,SCREEN 7,95+(1),3.00×6.91m,デジタル5.1ch
654,TOHO CINEMAS YOJIRO,https://www.tohotheater.jp/theater/033/institution.html,SCREEN 8,95+(1),3.00×6.91m,デジタル5.1ch
655,TOHO CINEMAS YOJIRO,https://www.tohotheater.jp/theater/033/institution.html,SCREEN 9,119+(2),3.05×7.01m,デジタル5.1ch
656,TOHO CINEMAS YOJIRO,https://www.tohotheater.jp/theater/033/institution.html,SCREEN 10,444+(4),6.58×15.52m,デジタル5.1ch
